Version,Timestamp,Score,MaxTile,TimeSpent,TurnsPerSecond,TurnsTotal,Down %,Right %,Up %,Left %,Garden,Note
0.0.6,02May2014 01:34:58,3012,256,01:25,3.0,255,61.6,31.8,6.7,0.0,[  2   4   8  16   4   8  16  32   8  16  32 128  16   2  16 256],
0.0.6,02May2014 01:51:44,2944,256,01:52,2.3,258,60.9,32.6,6.6,0.0,[  2   4   8  16  16   8  16  32   4  16  32  64   2  32  64 256],
0.0.8,02May2014 01:55:39,3492,256,02:13,2.2,293,56.7,34.1,9.2,0.0,[  2   4   8  16   4   2  32  64   8  16  64 128   2  32   4 256],
0.0.8,02May2014 01:57:53,2264,128,01:36,2.26,217,59.4,30.0,10.6,0.0,[  2   4   8  16   8   2  16  32   2  16  32 128  16  64 128   4],
0.0.8,02May2014 01:59:34,1164,64,00:57,2.42,138,60.1,33.3,6.5,0.0,[ 2  4  8 16  4  8 16 32  8 16 32 64  2 32 64  4],
0.0.8,02May2014 02:04:38,5640,512,03:00,2.21,397,59.4,31.7,8.8,0.0,[  2   4   8  16   4   8  16  64   8  32  64 128   2   4   8 512],
0.0.8,02May2014 02:06:40,1656,128,01:16,2.32,176,59.1,31.8,9.1,0.0,[  2   4   8  16   4   8  16  32   8  16  32 128   4  32  64  16],
0.0.8,02May2014 02:08:52,1380,128,01:04,2.27,145,55.9,35.2,8.3,0.7,[  2   4   8  16   4  16  32   8   8  64 128   2   2  16   4   8],
0.0.8,02May2014 02:11:22,2136,128,01:29,2.27,202,55.0,37.1,7.9,0.0,[  4   2   8  16  16   8  16  32   4   2  64 128   2  16 128   2],
0.0.8,02May2014 19:39:28,3348,256,01:40,2.83,283,58.0,32.9,9.2,0.0,[2 4 8 16 - 4 8 16 32 - 8 16 32 64 - 2 32 128 256 ],
0.0.8,02May2014 19:43:40,1696,128,00:59,2.97,175,56.6,34.9,8.6,0.0,[2 4 8 4 - 4 8 64 16 - 8 32 16 64 - 16 2 8 128],
0.0.9,02May2014 20:48:37,3432,256,01:53,2.55,288,61.1,29.2,9.7,0.0,[2 4 8 32 - 4 8 16 128 - 8 16 64 256 - 4 64 8 16],
0.0.9,02May2014 20:52:11,2616,256,01:20,2.86,229,56.3,35.8,7.9,0.0,[2 4 8 16 - 4 8 16 32 - 8 32 4 64 - 2 16 32 256],
0.0.9,03May2014 01:38:12,3236,256,01:52,2.42,271,0.0,10.7,36.2,53.1,[8 256 32 16 - 128 64 16 8 - 16 32 8 4 - 2 8 4 2],
0.1.0,03May2014 01:44:37,3288,256,01:58,2.28,269,0.0,8.2,36.4,55.4,[16 64 256 16 - 8 128 64 8 - 4 16 8 4 - 2 8 4 2],
0.1.0,03May2014 01:52:05,700,64,00:38,2.47,94,1.1,8.5,36.2,54.3,[4 2 4 2 - 8 64 32 16 - 4 32 16 4 - 2 8 4 2],
0.1.0,03May2014 01:53:29,1504,128,01:09,2.32,160,0.0,9.4,32.5,58.1,[64 128 32 16 - 16 2 16 8 - 4 32 8 4 - 2 8 4 2],
0.1.0,03May2014 11:52:16,1488,128,01:08,2.28,155,32.3,57.4,0.0,10.3,[2 4 8 2 - 4 8 32 8 - 8 16 64 32 - 16 128 16 2],
0.1.0,03May2014 11:54:22,2504,256,01:30,2.37,213,39.9,50.2,0.0,9.9,[2 16 4 2 - 4 8 32 4 - 8 16 64 8 - 16 32 16 256],
0.1.0,03May2014 11:55:46,668,64,00:38,2.42,92,55.4,39.1,0.0,5.4,[2 4 16 4 - 4 16 8 2 - 2 4 16 32 - 8 16 64 8],
0.1.0,03May2014 12:01:12,3212,256,01:50,2.43,267,54.3,37.1,0.0,8.6,[4 2 16 2 - 2 16 32 4 - 8 64 2 8 - 16 32 128 256],
0.1.0,03May2014 12:11:03,3604,256,02:17,2.22,304,49.0,41.8,0.0,9.2,[2 4 16 2 - 4 8 32 64 - 8 32 128 4 - 16 64 256 32],
0.1.0,03May2014 12:17:04,4688,512,02:15,2.35,317,38.5,52.1,0.0,9.5,[2 4 2 4 - 4 8 4 2 - 8 16 32 16 - 16 32 64 512],
0.1.0,03May2014 14:30:39,1792,128,01:15,2.44,183,33.3,57.9,0.0,8.7,[2 4 2 16 - 4 8 32 4 - 8 32 64 8 - 16 64 128 16],
0.1.0,03May2014 14:44:58,7176,512,05:01,1.64,493,33.5,39.6,12.2,14.8,[2 8 256 4 - 4 16 32 8 - 64 8 512 128 - 2 4 32 16],
0.1.1,03May2014 14:55:37,6796,512,04:02,1.95,471,32.1,40.6,13.4,14.0,[2 64 8 2 - 4 32 256 32 - 8 64 512 8 - 4 32 4 2],
0.1.1,03May2014 15:00:09,6848,512,03:10,2.42,460,31.7,40.2,13.3,14.8,[2 4 32 2 - 32 16 512 8 - 8 256 128 2 - 2 4 16 8],
0.1.1,03May2014 15:10:56,4900,256,02:38,2.36,373,33.0,38.1,13.1,15.8,[2 32 2 4 - 4 8 64 8 - 16 256 16 128 - 4 32 256 2],
0.1.1,03May2014 15:14:49,3436,256,01:57,2.45,287,11.1,15.3,33.1,40.4,[16 2 16 2 - 64 256 64 4 - 16 128 16 8 - 2 32 2 4],
0.1.1,03May2014 15:49:04,3104,256,01:43,2.49,256,12.1,14.8,30.9,42.2,[4 16 8 2 - 128 64 256 16 - 4 16 32 8 - 2 8 4 2],
0.1.1,03May2014 15:51:48,3428,256,01:50,2.55,281,53.0,29.2,4.3,13.5,[2 8 32 2 - 16 128 2 4 - 64 256 64 8 - 4 32 8 2],
0.1.1,03May2014 16:16:19,7436,512,03:43,2.24,499,14.0,15.8,32.1,38.1,[512 8 2 8 - 128 2 256 2 - 8 128 16 4 - 2 32 8 2],
0.1.1,03May2014 16:20:24,7200,512,03:30,2.38,500,15.4,8.4,32.0,44.2,[512 8 4 2 - 32 128 64 8 - 16 32 256 4 - 2 4 16 2],
0.1.1,03May2014 16:44:26,3820,256,01:57,2.5,292,18.8,15.1,29.8,36.3,[2 16 4 256 - 32 4 16 2 - 8 16 256 8 - 2 4 8 2],
0.1.1,03May2014 16:46:56,3116,256,01:46,2.45,260,13.1,8.1,33.5,45.4,[4 64 16 2 - 16 8 32 4 - 4 16 8 128 - 256 4 2 4],
0.1.1,03May2014 16:55:53,6472,512,03:22,2.19,442,13.1,19.0,32.1,35.7,[4 16 8 4 - 32 64 256 32 - 16 512 8 4 - 2 4 16 2],
0.1.1,03May2014 19:30:15,6456,512,03:20,2.21,442,14.5,15.8,29.4,40.3,[2 64 8 2 - 8 16 512 32 - 4 256 8 4 - 2 16 32 2],
0.1.1,03May2014 19:56:22,2492,256,01:27,2.47,215,15.3,14.9,30.2,39.5,[2 16 8 2 - 8 256 32 16 - 4 64 4 32 - 2 8 16 2],
0.1.1,03May2014 20:04:33,1600,128,01:06,2.44,161,25.5,19.9,24.2,30.4,[8 2 4 2 - 2 64 16 4 - 64 8 32 8 - 2 128 8 4],
0.1.1,04May2014 01:17:05,5700,512,03:06,2.14,398,10.6,21.6,35.2,32.7,[2 4 32 8 - 64 128 16 4 - 2 32 512 64 - 16 4 2 4],
0.1.1,04May2014 21:10:34,5688,512,02:51,2.33,398,15.1,16.8,32.2,35.9,[4 32 2 8 - 64 512 64 4 - 8 128 32 2 - 2 4 16 8],
0.1.1,04May2014 21:21:19,3296,256,02:07,2.12,269,19.7,21.2,27.5,31.6,[64 8 2 4 - 2 16 256 16 - 16 64 128 4 - 4 2 16 2],
0.1.1,04May2014 22:54:39,7280,512,05:08,1.66,510,15.3,13.3,30.8,40.6,[16 32 2 8 - 256 128 16 32 - 16 64 512 8 - 2 4 16 2],
0.1.1,04May2014 23:01:20,6164,512,02:58,2.43,433,9.9,17.6,37.6,34.9,[512 4 128 4 - 16 32 64 32 - 4 128 16 8 - 2 8 4 2],
0.1.1,04May2014 23:18:47,5476,512,02:43,2.35,383,12.3,17.5,34.7,35.5,[8 16 32 512 - 2 128 64 16 - 8 32 16 8 - 2 8 4 2],
0.1.1,04May2014 23:27:13,4748,256,02:28,2.51,371,12.7,15.9,33.4,38.0,[2 32 4 2 - 8 256 8 32 - 4 128 16 4 - 256 32 8 2],
0.1.1,04May2014 23:32:43,2780,256,01:17,2.91,224,8.9,8.0,37.9,45.1,[256 8 2 4 - 2 16 128 16 - 4 32 16 8 - 2 8 4 2],
0.1.1,04May2014 23:35:18,5384,512,03:52,1.6,371,17.5,12.7,32.3,37.5,[2 16 8 2 - 4 64 128 4 - 2 32 8 32 - 512 8 4 2],
0.1.1,04May2014 23:38:52,6912,512,07:26,1.03,461,13.0,12.4,30.4,44.3,[4 2 8 2 - 2 16 128 4 - 8 64 256 8 - 512 16 4 2],
0.1.2,06May2014 02:01:40,6832,512,03:22,2.32,468,12.2,12.2,36.1,39.5,[16 2 16 2 - 2 32 128 4 - 8 16 256 8 - 2 4 8 512],first note from args to csv
0.1.2,06May2014 02:07:06,7076,512,03:25,2.37,485,11.8,14.0,32.8,41.4,[4 2 8 2 - 2 128 32 256 - 8 16 64 16 - 512 8 4 2],2nd note from args to csv
0.1.2,06May2014 02:09:05,3472,256,05:24,0.89,287,8.7,10.5,36.9,43.9,[256 32 16 2 - 8 64 32 4 - 4 128 64 2 - 2 8 16 8],2nd note from args to csv
0.1.3,06May2014 15:00:32,5432,512,02:31,2.54,383,14.1,15.1,32.4,38.4,[2 8 4 2 - 8 4 32 8 - 4 128 64 16 - 512 32 4 2],
0.1.3,09May2014 01:23:48,3644,256,01:46,2.83,300,20.0,15.0,26.3,38.7,[2 8 4 2 - 128 16 32 16 - 256 128 8 4 - 2 4 32 2],
0.1.3,09May2014 01:27:24,7152,512,05:22,1.52,489,9.0,10.4,34.8,45.8,[512 2 32 2 - 32 4 64 4 - 16 128 256 16 - 4 2 8 2],
0.1.3,09May2014 23:25:08,6300,512,03:28,2.04,424,12.5,19.3,34.2,34.0,[4 32 4 512 - 8 64 16 8 - 4 256 8 2 - 2 8 2 4],
0.1.3,09May2014 23:31:55,12452,1024,05:24,2.32,752,16.1,14.5,31.6,37.8,[32 16 4 2 - 4 256 16 8 - 64 128 64 4 - 1024 16 8 2],
0.1.3,09May2014 23:35:37,6500,512,03:12,2.3,442,15.4,15.2,30.3,39.1,[512 4 2 32 - 32 64 8 4 - 4 2 256 16 - 32 8 4 2],
0.1.3,09May2014 23:43:24,11204,512,05:14,2.33,732,14.8,12.0,32.5,40.7,[32 4 32 2 - 128 512 256 8 - 4 64 16 4 - 512 16 8 2],
0.1.4,10May2014 00:57:21,3476,256,01:56,2.46,285,16.5,12.3,28.8,42.5,[16 64 4 32 - 32 128 256 2 - 4 16 64 16 - 2 8 4 2],
0.1.4,10May2014 01:00:06,5360,512,02:45,2.26,373,12.3,15.5,34.6,37.5,[512 8 4 2 - 16 2 64 16 - 2 32 128 4 - 4 16 8 2],
0.1.4,10May2014 01:06:40,10760,1024,04:07,2.63,649,16.3,14.5,30.2,39.0,[4 64 4 1024 - 16 128 32 16 - 8 64 16 8 - 2 8 2 4],
0.1.4,10May2014 01:10:52,3416,256,02:02,2.34,286,15.4,12.9,29.7,42.0,[16 2 8 4 - 4 256 128 16 - 64 16 64 4 - 4 32 8 2],garbage collector test
0.1.4,10May2014 01:13:35,5116,256,02:42,2.44,395,16.2,10.1,32.7,41.0,[256 8 2 4 - 16 64 256 32 - 8 128 64 4 - 2 4 16 2],garbage collector test
0.1.4,10May2014 01:36:19,7280,512,03:02,2.79,507,15.6,14.0,31.6,38.9,[512 4 16 4 - 32 128 32 8 - 8 64 256 4 - 2 32 8 2],comma   remover quick   test
0.1.4,10May2014 02:23:46,3164,256,02:39,1.64,260,16.2,10.0,29.6,44.2,[2 32 4 2 - 4 128 64 8 - 2 32 16 2 - 256 16 8 4],
0.1.4,10May2014 02:34:56,12944,1024,05:56,2.21,787,9.4,20.3,35.7,34.6,[2 256 8 1024 - 16 64 128 32 - 128 32 8 4 - 2 8 4 2],
0.1.5,10May2014 03:13:14,5744,512,02:30,2.63,394,12.2,14.7,33.0,40.1,[512 4 2 4 - 2 16 128 2 - 8 128 32 8 - 2 4 16 2],batch of 100 test
0.1.5,10May2014 03:16:28,7268,512,03:13,2.63,508,17.3,9.4,29.3,43.9,[16 8 4 2 - 4 128 32 16 - 16 256 64 4 - 512 32 16 2],batch of 100 test
0.1.5,10May2014 03:18:29,3912,256,02:00,2.65,318,12.9,15.7,36.5,34.9,[8 4 128 256 - 2 16 64 32 - 4 128 32 8 - 2 16 4 2],batch of 100 test
0.1.5,10May2014 03:21:42,7240,512,03:12,2.59,498,7.8,13.3,35.3,43.6,[512 2 8 2 - 32 64 32 4 - 4 128 256 32 - 2 8 16 4],batch of 100 test
0.1.5,10May2014 03:23:33,3848,256,01:50,2.71,298,15.8,14.1,28.5,41.6,[16 8 2 256 - 4 32 8 2 - 16 256 16 8 - 4 8 4 2],batch of 100 test
0.1.5,10May2014 03:28:24,12192,1024,04:50,2.51,729,12.8,16.6,31.0,39.6,[128 2 4 2 - 32 256 32 8 - 4 1024 64 2 - 2 8 2 16],batch of 100 test
0.1.5,10May2014 03:29:58,3300,256,01:33,2.97,276,5.8,17.8,40.9,35.5,[256 8 2 32 - 16 32 128 8 - 8 64 16 4 - 2 4 32 2],batch of 100 test
0.1.5,10May2014 03:32:47,6848,512,02:48,2.74,461,11.9,17.6,34.5,36.0,[512 2 32 2 - 4 8 256 8 - 2 32 16 4 - 4 16 128 2],batch of 100 test
0.1.5,10May2014 03:34:17,3156,256,01:29,2.94,262,13.4,19.8,31.3,35.5,[4 2 64 4 - 2 8 128 8 - 32 256 8 32 - 4 16 4 2],batch of 100 test
0.1.5,10May2014 03:37:46,8864,512,03:28,2.77,576,16.7,12.5,29.9,41.0,[2 16 4 2 - 4 32 512 32 - 32 64 16 4 - 512 16 8 2],batch of 100 test
0.1.5,10May2014 03:39:54,5312,512,02:07,2.84,361,8.9,17.2,37.7,36.3,[2 16 8 4 - 128 512 32 2 - 4 64 16 8 - 2 16 4 2],batch of 100 test
0.1.5,10May2014 03:43:08,7508,512,03:13,2.72,524,10.3,15.5,33.6,40.6,[2 16 64 16 - 32 128 256 8 - 64 512 32 2 - 2 4 16 4],batch of 100 test
0.1.5,10May2014 03:44:41,3292,256,01:32,2.98,274,13.5,12.8,31.8,42.0,[256 32 16 2 - 4 8 128 32 - 32 64 16 8 - 2 8 4 2],batch of 100 test
0.1.5,10May2014 03:46:20,3348,256,01:38,2.8,274,14.6,7.3,30.7,47.4,[8 2 4 256 - 64 128 32 16 - 2 8 16 4 - 4 2 64 2],batch of 100 test
0.1.5,10May2014 03:48:12,3776,256,01:52,2.7,302,9.3,13.9,38.4,38.4,[2 4 2 4 - 16 256 32 128 - 8 128 64 16 - 2 4 2 4],batch of 100 test
0.1.5,10May2014 03:50:57,6508,512,02:44,2.75,451,11.1,17.5,35.7,35.7,[512 16 4 2 - 32 256 64 16 - 8 4 32 2 - 4 16 8 4],batch of 100 test
0.1.5,10May2014 03:53:38,6408,512,02:40,2.74,438,13.5,14.2,33.3,39.0,[2 32 16 2 - 4 64 256 8 - 16 4 16 4 - 512 16 8 2],batch of 100 test
0.1.5,10May2014 03:56:26,6732,512,02:47,2.77,463,12.1,16.8,32.4,38.7,[2 8 4 2 - 64 256 16 32 - 4 16 64 8 - 2 4 32 512],batch of 100 test
0.1.5,10May2014 03:58:26,4188,256,01:59,2.75,327,14.4,13.1,32.1,40.4,[256 32 8 4 - 8 64 16 2 - 4 8 256 8 - 2 32 4 2],batch of 100 test
0.1.5,10May2014 04:00:20,3920,256,01:53,2.82,319,14.1,10.3,33.2,42.3,[8 4 2 32 - 32 64 16 8 - 4 16 128 4 - 256 128 8 2],batch of 100 test
0.1.5,10May2014 04:01:32,2184,128,01:11,2.9,206,15.0,19.4,31.6,34.0,[4 32 4 128 - 2 64 128 16 - 8 16 32 8 - 4 8 4 2],batch of 100 test
0.1.5,10May2014 04:04:23,7016,512,02:50,2.81,477,10.3,14.5,33.5,41.7,[2 8 2 8 - 4 128 16 512 - 16 256 64 16 - 2 16 8 4],batch of 100 test
0.1.5,10May2014 04:05:53,3164,256,01:29,2.92,260,12.7,16.5,31.5,39.2,[4 32 4 16 - 2 8 256 2 - 64 32 128 4 - 2 16 8 2],batch of 100 test
0.1.5,10May2014 04:08:08,5324,512,02:13,2.77,369,11.1,16.0,36.3,36.6,[2 16 32 4 - 4 512 128 16 - 2 8 64 4 - 4 2 8 2],batch of 100 test
0.1.5,10May2014 04:11:23,7608,512,03:14,2.71,525,12.2,17.3,33.3,37.1,[4 8 4 512 - 128 256 128 32 - 8 32 16 8 - 2 8 4 2],batch of 100 test
0.1.5,10May2014 04:14:28,7464,512,03:05,2.82,521,14.0,11.1,30.7,44.1,[4 2 32 2 - 32 256 16 8 - 8 128 8 64 - 512 64 4 2],batch of 100 test
0.1.5,10May2014 04:17:27,7084,512,02:58,2.74,488,16.8,18.9,28.3,36.1,[2 256 4 2 - 16 64 8 4 - 2 32 128 16 - 8 4 2 512],batch of 100 test
0.1.5,10May2014 04:18:58,3200,256,01:29,3.01,268,8.6,18.3,34.3,38.8,[16 32 8 2 - 128 2 256 32 - 8 64 16 4 - 2 4 8 2],batch of 100 test
0.1.5,10May2014 04:20:36,3244,256,01:37,2.76,268,11.6,18.7,30.6,39.2,[2 32 256 2 - 64 4 16 32 - 8 128 8 4 - 2 4 32 2],batch of 100 test
0.1.5,10May2014 04:21:43,1680,128,01:06,2.59,171,11.7,14.0,31.0,43.3,[2 4 16 8 - 8 64 128 64 - 16 32 16 8 - 2 8 4 2],batch of 100 test
0.1.5,10May2014 04:24:10,5144,256,02:26,2.73,399,15.8,12.3,32.1,39.8,[8 256 8 2 - 64 128 64 8 - 32 8 16 4 - 256 16 8 2],batch of 100 test
0.1.5,10May2014 04:27:06,7124,512,02:55,2.78,487,10.9,16.6,33.1,39.4,[2 4 8 2 - 256 64 128 4 - 4 16 512 32 - 2 32 4 2],batch of 100 test
0.1.5,10May2014 04:29:23,5672,512,02:16,2.95,401,15.7,12.5,30.9,40.9,[32 2 16 8 - 8 128 64 4 - 4 512 16 2 - 2 16 64 8],batch of 100 test
0.1.5,10May2014 04:32:24,7228,512,03:00,2.79,503,8.9,11.3,37.4,42.3,[512 2 16 2 - 16 32 8 4 - 4 64 256 32 - 2 16 128 2],batch of 100 test
0.1.5,10May2014 04:35:36,7636,512,03:11,2.74,524,12.6,12.6,31.5,43.3,[2 128 2 16 - 16 4 512 32 - 8 128 256 16 - 4 32 8 2],batch of 100 test
0.1.5,10May2014 04:38:17,6728,512,02:40,2.79,447,16.3,17.0,29.5,37.1,[2 8 4 2 - 4 16 256 128 - 8 32 16 2 - 2 4 8 512],batch of 100 test
0.1.5,10May2014 04:41:15,7136,512,02:57,2.8,495,13.3,16.4,33.1,37.2,[512 16 128 2 - 256 8 16 32 - 4 64 8 4 - 2 8 16 2],batch of 100 test
0.1.5,10May2014 04:44:25,7800,512,03:09,2.85,538,16.2,9.9,30.7,43.3,[8 2 16 2 - 256 128 64 8 - 4 512 32 4 - 2 128 16 2],batch of 100 test
0.1.5,10May2014 04:47:11,6172,512,02:45,2.62,432,17.4,14.1,28.7,39.8,[512 32 2 4 - 2 16 128 16 - 4 128 64 4 - 2 32 16 2],batch of 100 test
0.1.5,10May2014 04:49:48,6380,512,02:36,2.72,424,9.2,21.2,35.1,34.4,[2 4 2 512 - 32 256 64 16 - 8 32 16 4 - 2 4 8 2],batch of 100 test
0.1.5,10May2014 04:52:17,6320,512,02:27,2.86,420,14.0,19.0,26.7,40.2,[512 4 8 2 - 16 256 64 16 - 8 32 8 2 - 2 4 16 4],batch of 100 test
0.1.5,10May2014 04:57:34,14440,1024,05:16,2.64,834,13.9,13.1,31.9,41.1,[8 2 16 32 - 2 64 1024 16 - 512 128 32 4 - 2 4 16 2],batch of 100 test
0.1.5,10May2014 05:00:30,7000,512,02:55,2.74,479,12.9,16.1,31.1,39.9,[2 64 16 512 - 8 256 2 16 - 128 2 8 4 - 4 16 4 2],batch of 100 test
0.1.5,10May2014 05:02:10,3444,256,01:38,2.88,282,9.9,14.2,38.7,37.2,[2 4 16 2 - 32 64 256 8 - 16 128 32 4 - 2 4 64 2],batch of 100 test
0.1.5,10May2014 05:03:13,2412,256,01:02,3.06,190,14.7,12.6,26.8,45.8,[8 4 2 8 - 4 2 64 2 - 2 64 256 4 - 8 2 16 2],batch of 100 test
0.1.5,10May2014 05:05:59,6360,512,02:45,2.61,430,12.3,12.6,34.7,40.5,[4 8 16 512 - 2 256 8 64 - 4 32 16 2 - 2 16 4 8],batch of 100 test
0.1.5,10May2014 05:08:52,7016,512,02:52,2.76,475,14.1,18.9,32.4,34.5,[512 8 2 4 - 2 256 64 128 - 8 2 32 16 - 4 8 4 2],batch of 100 test
0.1.5,10May2014 05:13:15,12072,1024,04:22,2.71,711,14.2,15.9,31.6,38.3,[2 8 4 2 - 64 256 32 16 - 2 128 8 2 - 4 16 2 1024],batch of 100 test
0.1.5,10May2014 05:15:14,4368,256,01:58,2.85,336,11.6,14.6,34.8,39.0,[4 8 64 256 - 16 32 8 4 - 256 4 64 2 - 2 8 16 4],batch of 100 test
0.1.5,10May2014 05:17:02,3776,256,01:47,2.81,301,14.0,18.3,29.9,37.9,[2 32 2 8 - 128 16 128 4 - 4 64 256 2 - 2 8 2 16],batch of 100 test
0.1.5,10May2014 05:18:27,3076,256,01:25,2.95,251,15.1,11.2,34.3,39.4,[16 2 32 2 - 2 64 2 16 - 4 128 16 4 - 2 4 8 256],batch of 100 test
0.1.5,10May2014 05:21:54,7444,512,03:25,2.52,517,11.2,15.5,33.8,39.5,[512 64 4 2 - 32 256 128 16 - 4 64 32 8 - 2 8 4 2],batch of 100 test
0.1.5,10May2014 05:24:58,7356,512,03:03,2.79,511,12.5,12.9,33.7,40.9,[512 2 64 16 - 4 8 256 8 - 64 32 128 4 - 2 4 8 2],batch of 100 test
0.1.5,10May2014 05:27:58,7128,512,02:59,2.7,483,16.6,10.6,34.0,38.9,[2 4 32 2 - 16 256 4 8 - 2 32 128 2 - 512 4 16 64],batch of 100 test
0.1.5,10May2014 05:29:02,1600,128,01:03,2.67,168,19.6,20.8,22.0,37.5,[2 4 32 2 - 32 16 64 16 - 8 128 32 8 - 4 16 4 2],batch of 100 test
0.1.5,10May2014 05:32:28,7900,512,03:24,2.61,532,8.5,15.6,35.9,40.0,[2 256 2 512 - 8 32 4 16 - 2 256 32 8 - 4 16 4 2],batch of 100 test
0.1.5,10May2014 05:36:36,11428,1024,04:08,2.69,666,14.1,17.3,32.7,35.9,[8 2 8 4 - 32 1024 32 256 - 8 64 16 2 - 2 4 2 4],batch of 100 test
0.1.5,10May2014 05:39:08,6236,512,02:30,2.73,409,11.0,17.1,31.3,40.6,[2 8 2 512 - 4 256 4 2 - 8 32 16 8 - 4 64 4 2],batch of 100 test
0.1.5,10May2014 05:42:17,7064,512,03:09,2.55,482,13.5,13.1,30.3,43.2,[8 4 256 4 - 2 16 8 128 - 512 32 64 2 - 2 16 8 4],batch of 100 test
0.1.5,10May2014 05:45:08,6636,512,02:50,2.68,455,11.0,18.5,34.9,35.6,[512 4 32 2 - 8 64 16 64 - 4 8 256 8 - 2 16 4 2],batch of 100 test
0.1.5,10May2014 05:46:00,1412,128,00:51,2.8,143,10.5,21.7,37.1,30.8,[4 32 8 2 - 8 64 16 128 - 4 32 2 4 - 2 4 16 2],batch of 100 test
0.1.5,10May2014 05:49:12,7356,512,03:11,2.67,510,15.5,16.5,32.4,35.7,[512 16 256 8 - 64 2 128 2 - 8 32 64 8 - 4 8 4 2],batch of 100 test
0.1.5,10May2014 05:50:54,3380,256,01:41,2.79,282,12.8,11.7,36.9,38.7,[8 64 2 8 - 4 128 16 4 - 16 256 64 2 - 2 4 32 4],batch of 100 test
0.1.5,10May2014 05:53:48,6548,512,02:53,2.58,446,13.2,13.2,31.4,42.2,[2 4 64 4 - 16 64 256 16 - 4 16 512 8 - 2 8 4 2],batch of 100 test
0.1.5,10May2014 05:56:31,6844,512,02:42,2.83,458,15.9,14.2,29.7,40.2,[8 4 32 8 - 2 256 128 32 - 16 512 16 8 - 2 8 4 2],batch of 100 test
0.1.5,10May2014 05:58:10,3164,256,01:38,2.64,259,11.2,12.0,37.8,39.0,[8 32 8 4 - 2 16 64 8 - 4 32 128 16 - 256 4 2 4],batch of 100 test
0.1.5,10May2014 05:59:47,3272,256,01:36,2.82,271,7.7,12.5,39.1,40.6,[16 32 2 128 - 4 16 32 4 - 2 32 256 8 - 4 2 64 4],batch of 100 test
0.1.5,10May2014 06:02:34,6424,512,02:46,2.65,440,19.1,13.6,26.1,41.1,[8 2 16 2 - 16 32 64 4 - 8 256 16 8 - 512 16 8 2],batch of 100 test
0.1.5,10May2014 06:05:26,6552,512,02:51,2.65,454,9.3,16.7,33.7,40.3,[512 8 4 2 - 32 64 32 16 - 4 32 256 8 - 2 8 4 2],batch of 100 test
0.1.5,10May2014 06:08:44,7200,512,03:17,2.53,499,10.4,15.8,32.1,41.7,[8 32 4 32 - 2 128 512 16 - 8 256 64 8 - 2 16 4 2],batch of 100 test
0.1.5,10May2014 06:11:03,5440,512,02:17,2.78,381,14.2,10.5,29.9,45.4,[2 64 16 2 - 32 512 2 4 - 16 128 32 8 - 2 8 4 2],batch of 100 test
0.1.5,10May2014 06:13:12,5140,512,02:08,2.77,354,11.0,17.5,32.8,38.7,[4 2 8 4 - 128 16 32 2 - 4 32 512 8 - 2 8 16 2],batch of 100 test
0.1.5,10May2014 06:16:15,6944,512,03:02,2.6,473,15.0,13.5,30.7,40.8,[2 4 2 4 - 8 128 8 2 - 32 256 16 32 - 4 32 2 512],batch of 100 test
0.1.5,10May2014 06:18:48,5760,512,02:32,2.68,408,11.3,15.4,37.3,36.0,[512 16 2 16 - 4 64 32 2 - 32 128 16 4 - 4 64 8 2],batch of 100 test
0.1.5,10May2014 06:22:55,10152,512,04:06,2.62,645,13.8,17.2,34.0,35.0,[4 32 8 2 - 8 512 256 4 - 2 32 16 8 - 512 16 8 2],batch of 100 test
0.1.5,10May2014 06:25:14,4940,256,02:18,2.75,379,14.8,13.7,32.5,39.1,[4 32 2 4 - 16 256 8 2 - 128 64 16 4 - 256 16 32 2],batch of 100 test
0.1.5,10May2014 06:28:22,7368,512,03:07,2.73,510,16.5,10.4,29.2,43.9,[512 32 8 2 - 4 16 4 64 - 64 256 128 4 - 2 16 8 2],batch of 100 test
0.1.5,10May2014 06:31:27,6980,512,03:04,2.53,466,12.0,16.5,34.1,37.3,[2 8 16 2 - 4 256 512 8 - 8 128 32 4 - 2 4 64 2],batch of 100 test
0.1.5,10May2014 06:33:48,5424,512,02:20,2.74,384,9.1,15.1,37.0,38.8,[512 2 16 2 - 16 4 64 8 - 4 16 128 4 - 8 32 16 2],batch of 100 test
0.1.5,10May2014 06:38:33,12200,1024,04:43,2.55,722,13.6,16.8,31.7,38.0,[2 256 2 4 - 32 128 1024 16 - 16 64 16 32 - 8 4 2 4],batch of 100 test
0.1.5,10May2014 06:41:25,6552,512,02:51,2.65,453,15.2,14.3,25.8,44.6,[2 4 8 2 - 8 32 16 8 - 32 64 256 32 - 2 4 8 512],batch of 100 test
0.1.5,10May2014 06:45:22,9288,512,03:56,2.5,590,12.0,15.4,31.9,40.7,[512 64 8 4 - 32 128 2 16 - 2 512 16 8 - 8 4 2 4],batch of 100 test
0.1.5,10May2014 06:48:24,6500,512,03:00,2.49,449,14.5,14.9,32.1,38.5,[4 8 2 64 - 16 256 32 8 - 2 512 16 4 - 4 16 32 2],batch of 100 test
0.1.5,10May2014 06:50:41,5636,512,02:16,2.82,383,14.9,19.1,31.1,35.0,[2 16 2 128 - 4 8 512 2 - 2 16 128 8 - 4 8 4 2],batch of 100 test
0.1.5,10May2014 06:52:55,4692,256,02:13,2.61,347,12.1,14.1,32.3,41.5,[256 2 4 2 - 8 128 8 4 - 4 64 32 2 - 2 256 2 8],batch of 100 test
0.1.5,10May2014 06:56:52,10668,1024,03:56,2.67,631,17.0,10.8,31.7,40.6,[16 2 8 1024 - 2 64 4 16 - 128 4 32 4 - 8 64 8 2],batch of 100 test
0.1.5,10May2014 06:59:48,7100,512,02:55,2.8,490,16.5,10.2,29.6,43.7,[8 4 64 512 - 16 128 16 2 - 8 32 256 8 - 2 4 8 2],batch of 100 test
0.1.5,10May2014 07:02:58,7224,512,03:09,2.66,502,10.8,12.9,34.3,42.0,[512 16 2 4 - 32 128 256 32 - 16 64 16 4 - 2 4 8 2],batch of 100 test
0.1.5,10May2014 07:06:13,7344,512,03:14,2.6,504,8.3,13.9,39.5,38.3,[512 4 64 2 - 64 16 256 32 - 8 128 8 4 - 4 2 16 2],batch of 100 test
0.1.5,10May2014 07:09:43,7828,512,03:29,2.58,540,14.4,17.6,37.6,30.4,[4 128 16 4 - 16 256 64 2 - 8 128 16 4 - 512 32 8 2],batch of 100 test
0.1.5,10May2014 07:11:11,3096,256,01:27,2.9,252,13.5,17.1,29.8,39.7,[4 2 8 2 - 2 8 32 4 - 128 32 64 8 - 4 2 4 256],batch of 100 test
0.1.5,10May2014 07:14:26,7096,512,03:14,2.53,490,18.8,15.9,25.9,39.4,[512 8 4 2 - 16 256 32 128 - 8 64 8 2 - 2 4 16 4],batch of 100 test
0.1.5,10May2014 07:17:08,5560,256,02:41,2.65,426,15.7,12.7,34.7,36.9,[4 64 16 4 - 128 256 128 8 - 2 4 32 4 - 256 16 8 2],batch of 100 test
0.1.5,10May2014 07:19:07,4116,256,01:58,2.69,317,10.1,13.6,34.4,42.0,[256 8 2 4 - 16 64 16 2 - 4 8 256 32 - 2 16 8 2],batch of 100 test
0.1.5,10May2014 07:20:45,3236,256,01:38,2.78,272,16.5,18.4,29.8,35.3,[256 4 32 16 - 8 16 128 64 - 4 8 32 8 - 2 16 4 2],batch of 100 test
0.1.5,10May2014 07:24:10,7384,512,03:24,2.5,510,8.4,15.3,39.2,37.1,[512 2 64 2 - 16 128 256 32 - 2 64 2 16 - 16 8 4 2],batch of 100 test
0.1.5,10May2014 07:26:41,6364,512,02:30,2.87,431,9.3,19.5,33.4,37.8,[2 4 16 512 - 8 256 32 8 - 16 64 16 4 - 4 8 4 2],batch of 100 test
0.1.5,10May2014 07:30:14,7848,512,03:32,2.54,539,12.6,17.6,31.4,38.4,[512 32 2 4 - 128 64 16 2 - 4 32 128 256 - 2 8 4 2],batch of 100 test
0.1.5,10May2014 07:31:26,2320,256,01:12,2.63,189,9.5,15.9,34.9,39.7,[4 2 8 4 - 2 16 32 16 - 256 64 8 2 - 4 8 16 4],batch of 100 test
0.1.5,10May2014 07:35:56,12060,1024,04:28,2.66,712,13.8,13.2,30.9,42.1,[2 4 2 8 - 1024 16 256 2 - 64 8 128 8 - 2 4 32 2],batch of 100 test
0.1.5,10May2014 14:21:08,4436,256,02:38,2.14,338,3.6,18.3,36.7,41.4,[2 16 4 256 - 64 256 64 32 - 2 16 32 8 - 4 2 4 2],fix non zero criteria coun
0.1.5,10May2014 14:30:19,12256,1024,05:52,2.06,725,16.4,13.5,28.7,41.4,[2 64 4 2 - 128 8 256 16 - 4 64 8 4 - 1024 2 16 2],
0.1.5,10May2014 14:48:30,7280,512,04:10,2.02,505,16.2,13.5,28.7,41.6,[512 32 4 2 - 16 128 256 32 - 32 64 16 4 - 4 2 4 2],
0.1.5,10May2014 18:50:14,5480,512,02:14,2.83,379,5.3,15.6,42.2,36.9,[4 32 8 2 - 2 128 32 4 - 4 32 64 2 - 512 16 8 4],
0.1.5,10May2014 18:52:38,5428,512,02:22,2.66,378,14.0,11.4,29.4,45.2,[2 8 4 2 - 8 128 512 32 - 16 64 16 4 - 2 4 32 2],
0.1.5,10May2014 18:55:09,5464,512,02:30,2.55,383,10.7,17.8,36.3,35.2,[4 16 2 512 - 2 64 32 16 - 32 4 128 8 - 4 2 16 2],
0.1.5,10May2014 18:56:01,1408,128,00:51,2.86,146,5.5,17.8,41.1,35.6,[2 8 4 128 - 32 16 2 8 - 4 64 32 4 - 2 8 4 2],
0.1.5,10May2014 18:57:40,3368,256,01:38,2.84,278,13.7,14.4,34.2,37.8,[8 2 16 256 - 32 128 8 2 - 2 64 16 64 - 4 8 4 2],
0.1.5,10May2014 19:00:12,5424,512,02:31,2.5,378,13.8,17.7,30.4,38.1,[4 32 4 2 - 2 512 128 16 - 16 64 32 4 - 2 4 2 8],
0.1.5,10May2014 19:01:26,2348,256,01:12,2.74,197,20.8,23.4,26.9,28.9,[8 64 4 2 - 2 16 32 16 - 256 4 8 2 - 2 16 2 4],
0.1.5,10May2014 19:04:35,7064,512,03:08,2.57,483,16.1,16.1,30.6,37.1,[2 8 2 4 - 4 256 32 16 - 64 128 4 2 - 512 2 8 16],
0.1.5,10May2014 19:06:44,5080,512,02:08,2.73,349,12.6,17.8,34.4,35.2,[8 16 8 512 - 4 128 2 16 - 8 32 16 8 - 2 4 8 2],
0.1.5,10May2014 19:09:37,5956,512,02:53,2.46,425,13.9,18.1,32.7,35.3,[16 2 4 512 - 2 128 16 32 - 4 32 128 8 - 8 16 4 2],
0.1.5,10May2014 19:14:09,11672,1024,04:30,2.49,673,13.7,16.9,30.9,38.5,[2 8 2 1024 - 4 256 4 16 - 16 4 128 4 - 2 16 4 2],
0.1.5,10May2014 19:15:41,3124,256,01:31,2.84,258,15.1,14.0,30.6,40.3,[8 16 4 2 - 2 128 32 16 - 4 16 64 4 - 2 4 16 256],
0.1.5,10May2014 19:18:43,6740,512,03:01,2.49,451,17.5,23.3,29.9,29.3,[4 2 4 512 - 2 256 16 32 - 128 8 2 8 - 4 16 4 2],
0.1.5,10May2014 19:21:58,7224,512,03:14,2.49,484,16.1,11.8,27.9,44.2,[2 128 4 2 - 4 32 8 256 - 64 2 64 4 - 512 8 4 2],
0.1.5,10May2014 19:23:36,3108,256,01:36,2.73,262,9.2,23.7,37.8,29.4,[4 16 8 2 - 2 128 64 4 - 8 256 16 32 - 2 8 4 2],
0.1.5,10May2014 19:26:35,6092,512,02:58,2.42,430,15.8,17.2,28.8,38.1,[2 8 2 8 - 128 16 128 16 - 8 64 512 4 - 2 32 8 2],
0.1.5,10May2014 19:29:11,5640,512,02:35,2.57,399,16.5,13.3,28.8,41.4,[8 4 64 2 - 2 32 16 128 - 4 64 4 2 - 512 8 2 16],
0.1.5,10May2014 19:32:15,7188,512,03:04,2.72,501,15.0,12.6,31.9,40.5,[512 32 8 2 - 8 4 256 8 - 4 128 64 4 - 32 4 16 2],
0.1.5,10May2014 19:37:30,15032,1024,05:13,2.81,879,9.1,14.4,36.6,39.8,[1024 128 2 8 - 32 512 4 2 - 4 64 128 8 - 2 4 16 2],
0.1.5,10May2014 19:41:41,12012,1024,04:10,2.86,716,11.3,15.5,35.8,37.4,[2 64 4 1024 - 4 256 64 16 - 32 64 32 4 - 2 4 8 2],
0.1.5,10May2014 21:27:36,2920,256,01:34,2.59,243,12.8,14.8,34.6,37.9,[256 8 16 2 - 2 32 4 16 - 8 128 32 4 - 2 4 16 2],
0.1.5,10May2014 21:30:33,3364,256,02:09,2.16,278,13.7,16.2,31.7,38.5,[4 2 8 2 - 16 128 64 4 - 64 16 8 2 - 256 32 2 4],
0.1.5,10May2014 21:31:53,1372,128,00:54,2.54,137,16.8,18.2,21.2,43.8,[2 4 8 2 - 16 32 128 4 - 8 64 32 2 - 2 4 2 8],
0.1.5,10May2014 21:36:11,7200,512,03:53,2.13,496,15.1,14.9,31.3,38.7,[512 64 16 2 - 4 128 32 8 - 16 256 16 4 - 4 2 32 2],
0.1.5,14May2014 23:24:29,7512,512,04:09,2.12,529,17.2,18.5,29.9,34.4,[2 4 256 512 - 32 16 128 64 - 8 64 32 8 - 4 16 4 2],
0.1.6,15May2014 17:51:19,3272,256,01:34,2.93,275,14.9,14.5,34.2,36.4,[256 8 4 2 - 2 32 128 32 - 8 64 16 4 - 2 4 32 2],
0.1.6,15May2014 18:21:21,13828,1024,04:58,2.64,787,16.0,11.9,30.9,41.2,[8 64 2 1024 - 4 32 16 2 - 2 64 512 8 - 4 2 4 2],
0.1.6,15May2014 23:36:44,524,64,00:24,2.96,71,1.4,16.9,70.4,11.3,[2 4 64 2 - 8 16 32 8 - 4 2 4 2 - 2 8 2 4],
0.1.6,15May2014 23:37:32,668,64,00:31,2.87,89,1.1,13.5,62.9,22.5,[32 2 32 8 - 8 64 8 4 - 4 16 4 2 - 2 8 2 4],
0.1.6,15May2014 23:42:37,11612,1024,04:31,2.55,690,1.4,26.1,49.7,22.8,[1024 4 256 4 - 16 32 8 32 - 4 16 64 8 - 2 4 8 32],
0.1.6,15May2014 23:45:18,3856,256,01:56,2.66,309,2.6,26.2,45.0,26.2,[2 8 128 4 - 4 128 256 32 - 16 32 64 2 - 4 2 4 8],
0.1.6,15May2014 23:50:07,7064,512,03:03,2.64,483,0.2,22.8,51.3,25.7,[256 512 2 32 - 8 64 128 16 - 4 16 2 4 - 2 4 8 2],
0.1.6,15May2014 23:53:37,7420,512,03:09,2.71,512,0.4,28.5,49.8,21.3,[512 2 128 64 - 16 64 256 32 - 8 32 4 2 - 2 4 2 4],
0.1.6,15May2014 23:57:55,7492,512,03:24,2.57,524,0.4,23.7,50.6,25.4,[32 256 2 128 - 16 64 512 64 - 4 32 16 8 - 2 8 2 4],
0.1.6,16May2014 00:05:55,15552,1024,05:50,2.62,918,0.1,24.2,49.0,26.7,[1024 2 256 32 - 16 512 32 16 - 8 64 16 8 - 2 4 8 4],
0.1.6,16May2014 00:10:19,7884,512,04:01,2.33,561,0.0,23.0,49.2,27.8,[64 512 256 64 - 32 64 128 32 - 8 32 16 4 - 2 4 8 2],
0.1.6,16May2014 00:13:06,916,64,00:47,2.55,120,0.0,15.8,16.7,67.5,[16 64 32 16 - 4 32 16 8 - 2 8 32 2 - 4 16 8 4],
0.1.6,16May2014 00:19:55,12452,1024,04:40,2.64,740,0.0,25.5,47.6,26.9,[1024 256 128 64 - 16 32 64 32 - 8 16 8 2 - 2 4 2 4],
0.1.6,16May2014 00:41:20,19464,1024,07:23,2.59,1148,0.0,25.1,48.8,26.1,[512 1024 512 128 - 32 64 128 64 - 16 32 16 4 - 2 4 8 2],
0.1.6,16May2014 00:45:11,6208,512,02:53,2.53,437,0.0,28.8,38.7,32.5,[128 512 128 32 - 16 64 8 16 - 8 16 32 8 - 2 4 8 2],
0.1.6,16May2014 00:47:47,1228,64,00:53,2.81,149,0.0,27.5,40.3,32.2,[64 32 16 4 - 32 8 64 16 - 8 32 16 4 - 2 4 8 16],
0.1.6,16May2014 00:53:14,528,32,00:27,3.11,84,0.0,36.9,35.7,27.4,[16 8 32 16 - 8 2 16 4 - 4 16 32 2 - 2 4 8 16],
0.1.6,16May2014 00:58:30,1292,128,00:53,2.53,134,6.7,38.1,35.8,19.4,[2 16 2 4 - 8 64 4 128 - 4 8 32 4 - 2 4 8 2],
0.1.6,16May2014 01:01:13,1560,128,00:59,2.73,161,0.0,19.3,46.6,34.2,[32 128 2 32 - 8 64 16 8 - 32 16 8 4 - 2 8 4 2],
0.1.6,16May2014 01:05:42,3296,256,01:40,2.65,265,0.4,18.9,51.7,29.1,[256 128 2 8 - 2 8 32 64 - 4 64 8 4 - 2 4 16 2],
0.1.6,16May2014 01:11:12,12172,1024,04:41,2.56,719,0.1,24.9,48.5,26.4,[1024 2 128 4 - 32 256 16 2 - 8 64 32 16 - 2 4 8 2],
0.1.6,16May2014 01:14:31,7524,512,02:50,3.1,527,0.0,24.5,48.0,27.5,[64 512 256 32 - 16 64 128 16 - 8 32 16 4 - 2 4 8 2],
0.1.6,16May2014 01:18:06,7900,512,03:09,2.98,564,0.0,22.0,48.8,29.3,[64 512 256 64 - 32 128 64 32 - 8 16 32 8 - 2 4 8 2],
0.1.6,16May2014 01:24:39,17472,1024,05:47,2.99,1039,0.1,26.4,46.7,26.9,[32 256 512 1024 - 4 64 256 64 - 32 16 8 4 - 2 8 4 2],
0.1.7,16May2014 01:38:10,16376,1024,06:03,2.64,958,0.1,24.4,47.4,28.1,[2 256 512 1024 - 32 64 128 64 - 4 32 16 4 - 2 8 4 2],tim's build
0.1.7,16May2014 01:41:46,7764,512,03:34,2.56,548,0.4,21.9,47.1,30.7,[64 2 256 64 - 16 128 512 32 - 64 32 8 4 - 2 8 4 2],tim's build
0.1.7,16May2014 01:45:25,7792,512,03:39,2.51,549,0.2,27.5,46.6,25.7,[64 256 512 64 - 32 128 64 16 - 8 32 16 8 - 2 4 8 4],tim's build
0.1.7,16May2014 01:51:22,16068,1024,05:55,2.65,941,0.2,25.8,48.8,25.2,[1024 512 2 64 - 8 16 256 32 - 2 128 4 2 - 4 16 2 8],tim's build
0.1.7,16May2014 01:56:57,13148,1024,05:34,2.4,802,0.1,23.3,47.9,28.7,[128 256 64 2 - 16 128 1024 64 - 8 16 32 4 - 2 4 8 2],tim's build
0.1.7,16May2014 02:21:41,3048,256,01:22,3.01,247,7.7,12.1,46.2,34.0,[2 16 2 8 - 64 4 256 2 - 16 128 32 8 - 2 8 4 2],tim's build
0.1.7,16May2014 02:23:17,3036,256,01:35,2.69,256,3.9,19.5,44.1,32.4,[256 2 4 32 - 32 16 128 16 - 2 8 32 4 - 4 2 16 2],tim's build
0.1.7,16May2014 02:29:51,15984,1024,05:49,2.72,951,0.2,25.4,47.2,27.1,[64 2 512 1024 - 16 64 256 64 - 8 16 32 4 - 2 4 8 2],tim's build
0.1.7,16May2014 02:38:28,21132,1024,08:36,2.44,1261,0.2,28.5,45.4,25.9,[512 1024 512 128 - 64 256 128 64 - 16 32 16 4 - 2 4 8 2],tim's build
0.1.7,16May2014 02:51:22,13240,1024,04:51,2.73,794,0.3,25.3,50.0,24.4,[16 256 2 1024 - 8 64 256 32 - 2 32 16 4 - 8 2 4 2],tim's build
0.1.7,16May2014 02:53:52,5540,512,02:29,2.61,389,0.3,22.4,49.6,27.8,[32 2 128 512 - 2 8 64 32 - 16 32 16 4 - 2 4 8 2],tim's build
0.1.7,16May2014 02:57:50,8612,512,03:57,2.51,596,0.2,26.0,48.0,25.8,[128 512 2 128 - 32 128 256 64 - 16 32 16 4 - 2 4 8 2],tim's build
0.1.7,16May2014 03:01:20,7252,512,03:29,2.43,508,0.8,30.1,47.2,21.9,[128 4 64 32 - 16 512 256 16 - 8 32 8 4 - 2 4 16 2],tim's build
0.1.7,16May2014 03:03:44,5616,512,02:23,2.77,396,0.3,23.0,50.8,26.0,[512 2 32 2 - 32 128 64 32 - 8 32 16 4 - 2 4 8 2],tim's build
0.1.7,16May2014 03:32:15,5748,512,02:32,2.66,404,0.2,24.5,49.0,26.2,[32 2 512 64 - 16 128 64 16 - 8 16 32 4 - 2 4 8 2],tim's build
0.1.7,16May2014 03:38:11,15688,1024,05:55,2.59,921,0.3,26.6,48.4,24.6,[64 512 256 8 - 2 16 64 1024 - 16 32 16 4 - 2 4 8 2],tim's build
0.1.7,16May2014 03:43:40,14940,1024,05:28,2.68,878,0.1,28.2,48.9,22.8,[32 128 512 1024 - 128 16 32 8 - 16 2 16 4 - 2 4 8 2],tim's build
0.1.7,16May2014 03:47:27,10716,1024,03:46,2.84,642,0.2,25.5,47.5,26.8,[1024 8 32 2 - 32 64 128 32 - 8 16 32 16 - 4 2 4 2],tim's build
0.1.7,16May2014 03:53:17,16752,1024,05:49,2.87,1003,0.0,27.1,46.8,26.1,[1024 512 256 128 - 32 2 128 32 - 8 32 16 4 - 2 4 8 2],tim's build
0.1.7,16May2014 03:58:40,15260,1024,05:22,2.8,901,0.1,26.6,46.7,26.5,[128 2 512 128 - 32 1024 64 32 - 8 32 16 8 - 2 4 8 2],tim's build
0.1.7,16May2014 04:05:43,20036,1024,07:01,2.76,1164,0.0,25.6,44.7,29.7,[512 1024 512 128 - 16 64 256 32 - 4 16 8 4 - 8 2 4 2],tim's build
0.1.7,16May2014 04:09:52,9900,512,04:09,2.72,677,0.0,27.6,44.6,27.8,[256 512 256 128 - 64 128 64 32 - 16 32 16 4 - 2 4 8 2],tim's build
0.1.7,16May2014 04:14:45,13284,1024,04:52,2.8,819,0.4,25.3,48.5,25.9,[128 1024 256 64 - 16 64 128 32 - 8 32 16 4 - 2 4 8 2],tim's build
0.1.7,16May2014 04:20:41,16768,1024,05:55,2.83,1006,0.0,25.0,47.9,27.0,[64 256 512 1024 - 32 64 128 64 - 8 32 16 4 - 2 4 2 8],tim's build
0.1.7,16May2014 04:25:22,13116,1024,04:39,2.84,793,0.3,28.4,47.9,23.5,[1024 2 256 128 - 16 64 128 64 - 8 32 16 8 - 2 4 8 4],tim's build
0.1.7,16May2014 04:29:02,10524,1024,03:39,2.81,615,0.3,27.8,47.3,24.6,[128 1024 2 32 - 16 32 64 8 - 8 2 32 4 - 2 4 8 2],tim's build
0.1.7,16May2014 08:35:22,7924,512,03:23,2.7,548,0.0,27.6,44.9,27.6,[128 512 256 32 - 16 64 128 16 - 8 32 16 4 - 4 2 4 2],tim's build
0.1.7,16May2014 08:42:02,17052,1024,06:39,2.54,1014,0.1,26.3,45.4,28.2,[1024 512 2 64 - 128 256 128 32 - 8 64 16 2 - 2 4 2 8],tim's build
0.1.7,16May2014 08:44:54,6560,512,02:52,2.6,448,0.4,26.8,49.1,23.7,[32 2 256 512 - 4 16 64 32 - 16 32 16 4 - 2 4 8 2],tim's build
0.1.7,16May2014 08:50:32,15052,1024,05:37,2.61,879,0.2,30.6,46.0,23.2,[64 128 512 4 - 16 2 128 1024 - 8 32 16 4 - 2 4 8 2],tim's build
0.1.7,16May2014 08:56:29,15320,1024,05:56,2.58,917,0.3,24.9,47.0,27.8,[32 2 128 32 - 8 512 1024 64 - 128 32 8 4 - 2 16 4 2],tim's build
0.1.7,16May2014 09:01:32,14516,1024,05:02,2.81,848,0.4,25.8,47.9,25.9,[128 1024 512 16 - 2 16 64 32 - 16 32 16 8 - 2 4 2 4],tim's build
0.1.7,16May2014 09:07:19,16228,1024,05:45,2.79,964,0.0,25.0,49.1,25.9,[1024 512 256 64 - 16 32 128 32 - 2 16 8 4 - 4 8 4 2],tim's build
0.1.7,16May2014 09:10:44,7504,512,03:24,2.56,523,0.2,23.3,45.3,31.2,[64 2 256 128 - 32 64 512 16 - 16 32 16 4 - 2 4 8 2],tim's build
0.1.7,16May2014 09:26:33,3116,256,01:30,2.88,259,0.4,25.5,47.9,26.3,[4 16 2 256 - 64 4 128 16 - 8 16 32 8 - 4 2 8 2],tim's build
0.1.7,16May2014 09:30:01,7836,512,03:27,2.59,536,0.4,25.4,42.5,31.7,[2 256 2 128 - 32 512 128 64 - 2 32 16 8 - 4 2 4 2],tim's build
0.1.7,16May2014 09:35:09,12920,1024,05:07,2.59,795,0.0,26.4,46.7,26.9,[64 256 1024 64 - 32 64 128 32 - 8 32 16 8 - 2 4 8 2],tim's build
0.1.7,16May2014 09:42:21,17600,1024,07:11,2.43,1047,0.3,25.1,47.1,27.5,[256 1024 4 256 - 16 32 512 16 - 8 16 128 4 - 4 2 4 8],tim's build
0.1.7,16May2014 09:48:33,16488,1024,06:10,2.65,979,0.0,27.0,47.5,25.5,[64 256 512 1024 - 32 64 128 16 - 8 16 32 8 - 2 4 8 2],tim's build
0.1.7,16May2014 09:55:06,17336,1024,06:32,2.59,1017,0.0,26.9,46.5,26.5,[1024 512 256 64 - 256 64 32 16 - 4 8 16 8 - 2 4 2 4],tim's build
0.1.7,16May2014 10:01:48,17000,1024,06:41,2.55,1023,0.1,26.5,47.6,25.8,[128 256 512 1024 - 16 128 64 32 - 8 16 32 16 - 2 4 8 2],tim's build
0.1.7,16May2014 10:04:00,4232,256,02:11,2.66,349,0.3,22.6,46.4,30.7,[128 2 128 32 - 16 64 256 64 - 8 32 16 4 - 4 2 8 2],tim's build
0.1.7,16May2014 10:09:17,12704,1024,05:16,2.49,787,0.4,25.9,46.5,27.2,[64 2 256 16 - 16 1024 128 32 - 32 64 32 4 - 2 4 8 2],tim's build
0.1.7,16May2014 10:18:13,27208,2048,08:55,2.65,1418,0.2,26.2,47.1,26.4,[16 256 512 2 - 4 128 64 2048 - 16 32 16 4 - 4 2 8 2],tim's build
0.1.7,16May2014 10:21:33,7288,512,03:19,2.54,506,0.4,25.5,48.4,25.7,[256 2 128 32 - 32 512 64 16 - 16 32 8 2 - 2 4 2 4],tim's build
0.1.7,16May2014 10:24:06,5768,512,02:32,2.73,415,0.0,19.8,50.4,29.9,[32 512 128 64 - 16 32 64 4 - 4 8 16 2 - 2 4 2 4],tim's build
0.1.7,16May2014 10:26:31,5360,512,02:24,2.63,378,0.3,26.2,49.5,24.1,[4 64 2 512 - 2 4 128 8 - 16 32 16 4 - 2 4 8 2],tim's build
0.1.7,16May2014 10:29:47,7488,512,03:14,2.7,523,0.4,24.3,49.7,25.6,[512 256 4 64 - 32 16 128 32 - 8 64 16 4 - 2 4 8 2],tim's build
0.1.7,16May2014 10:36:02,16628,1024,06:14,2.68,1003,0.3,27.6,46.9,25.2,[1024 512 2 64 - 32 128 256 32 - 16 64 32 8 - 2 4 8 2],tim's build
0.1.7,16May2014 11:05:16,26700,2048,29:13,4.45,7807,0.0,4.8,90.3,4.9,[64 256 512 2048 - 16 32 64 16 - 8 16 8 2 - 2 4 2 4],tim's build
0.1.7,16May2014 11:15:18,8344,512,03:39,2.59,567,0.4,29.3,46.0,24.3,[128 2 512 2 - 16 128 256 128 - 8 64 8 2 - 2 4 2 4],tim's build
0.1.7,16May2014 11:19:04,8316,512,03:45,2.53,570,0.2,27.5,44.6,27.7,[256 512 2 32 - 32 64 256 16 - 8 32 16 4 - 2 4 8 2],tim's build
0.1.7,16May2014 11:24:39,14072,1024,05:34,2.52,842,0.2,25.8,46.0,28.0,[256 1024 2 64 - 32 128 256 16 - 16 64 4 2 - 2 4 2 8],tim's build
0.1.7,16May2014 11:29:47,13632,1024,05:07,2.71,831,0.4,25.4,46.1,28.2,[128 2 256 128 - 32 1024 128 64 - 8 16 32 8 - 4 2 4 2],tim's build
0.1.7,16May2014 11:32:18,6024,512,02:30,2.87,430,0.2,24.4,47.2,28.1,[64 512 2 64 - 32 64 128 16 - 16 32 8 4 - 4 2 4 2],tim's build
0.1.7,16May2014 11:37:33,14564,1024,05:15,2.7,852,0.1,25.4,49.2,25.4,[1024 512 2 32 - 32 64 128 16 - 8 32 16 4 - 2 4 2 8],tim's build
0.1.7,16May2014 11:46:52,25656,2048,09:17,2.37,1319,0.2,26.7,45.8,27.4,[32 8 512 2048 - 16 64 128 32 - 8 32 16 8 - 2 8 4 2],tim's build
0.1.7,16May2014 11:51:04,10196,512,04:11,2.68,672,0.3,22.5,47.5,29.8,[512 2 512 128 - 16 64 128 32 - 8 32 16 4 - 2 4 8 2],tim's build
0.1.7,16May2014 11:54:48,8140,512,03:43,2.52,562,0.0,26.9,46.6,26.5,[128 512 256 64 - 32 64 128 32 - 4 8 16 4 - 2 4 8 2],tim's build
0.1.7,16May2014 12:00:30,14660,1024,05:41,2.52,861,0.1,25.9,46.8,27.2,[128 1024 512 16 - 8 64 4 64 - 4 32 16 4 - 2 4 8 2],tim's build
0.1.7,16May2014 12:07:11,17164,1024,06:40,2.58,1032,0.3,24.5,46.2,29.0,[1024 512 256 128 - 16 64 128 32 - 8 16 64 16 - 2 4 8 2],tim's build
0.1.7,16May2014 12:40:46,4032,256,01:55,2.89,332,0.3,26.2,43.1,30.4,[128 256 2 32 - 32 64 128 16 - 16 32 8 2 - 2 4 2 4],
0.1.7,16May2014 12:49:39,16712,1024,06:36,2.54,1005,0.1,25.7,46.8,27.5,[1024 4 256 64 - 64 512 64 16 - 32 128 16 4 - 2 4 8 2],first run on 6-core with -a
0.1.7,16May2014 14:22:37,7404,512,03:24,2.52,514,0.2,25.3,49.8,24.7,[64 256 512 2 - 16 32 64 128 - 8 16 8 16 - 4 2 4 2],
0.1.7,16May2014 14:24:39,12440,1024,05:26,2.3,749,0.1,25.2,48.2,26.4,[1024 256 2 64 - 16 32 128 16 - 8 64 16 4 - 2 4 8 2],
0.1.7,16May2014 14:31:05,16764,1024,08:27,1.99,1009,0.1,26.3,46.7,27.0,[1024 512 4 64 - 64 128 256 32 - 8 32 64 8 - 2 8 4 2],
0.1.7,16May2014 14:42:23,14692,1024,06:00,2.41,868,0.1,26.2,47.9,25.8,[64 2 512 1024 - 8 16 128 32 - 4 8 64 8 - 2 4 16 4]," ""5 games on 2 instances"""
0.1.7,16May2014 14:47:06,26508,2048,10:43,2.16,1389,0.1,25.7,45.0,29.2,[128 2048 2 128 - 64 512 64 8 - 8 16 32 16 - 2 8 4 2]," ""5 games on 2 instances"""
0.1.7,16May2014 14:47:29,8348,512,05:05,1.96,597,0.2,26.3,46.6,27.0,[128 512 256 64 - 32 128 64 32 - 8 32 16 4 - 2 4 8 2]," ""5 games on 2 instances"""
0.1.7,16May2014 14:55:51,16440,1024,08:44,1.87,981,0.2,23.0,47.3,29.5,[1024 512 2 32 - 64 128 256 16 - 16 64 8 4 - 2 4 16 2]," ""5 games on 2 instances"""
0.1.7,16May2014 15:00:06,8144,512,03:43,2.49,556,0.4,25.4,46.8,27.5,[128 512 2 128 - 2 8 256 16 - 16 128 16 4 - 2 4 8 2], 1 games on 1 instances
0.1.7,16May2014 15:10:07,7104,512,07:46,1.06,495,0.2,26.9,48.5,24.4,[64 2 256 64 - 32 64 512 32 - 8 32 8 2 - 4 2 4 16], 100 games on 10 instances
0.1.7,16May2014 15:12:19,7148,512,09:56,0.84,498,0.4,25.7,46.4,27.5,[512 2 128 16 - 16 256 32 8 - 8 64 2 4 - 2 4 8 16], 100 games on 10 instances
0.1.7,16May2014 15:13:10,7172,512,10:47,0.76,493,0.6,23.7,48.9,26.8,[512 4 2 64 - 32 256 32 16 - 8 128 16 4 - 2 4 8 2], 100 games on 10 instances
0.1.7,16May2014 15:13:27,11124,512,11:04,1.1,731,0.3,25.9,46.1,27.8,[512 4 256 2 - 32 64 512 16 - 16 128 16 4 - 2 4 8 2], 100 games on 10 instances
0.1.7,16May2014 15:18:50,8276,512,05:22,1.8,579,0.3,24.5,46.5,28.7,[64 256 128 64 - 32 128 512 32 - 8 32 16 4 - 2 4 8 2], 100 games on 10 instances
0.1.7,16May2014 15:24:13,8100,512,05:22,1.74,559,0.0,26.5,45.8,27.7,[128 512 256 64 - 16 128 64 16 - 8 16 32 8 - 4 2 4 2], 100 games on 10 instances
0.1.7,16May2014 15:33:12,16536,1024,08:59,1.84,992,0.0,24.7,47.5,27.8,[1024 512 256 64 - 16 64 128 32 - 8 32 16 4 - 2 4 8 2], 100 games on 10 instances
0.1.7,16May2014 15:36:28,5732,512,03:14,2.09,405,0.5,22.5,49.6,27.4,[64 4 32 16 - 32 512 128 8 - 8 64 16 4 - 4 2 4 2], 100 games on 10 instances
0.1.7,16May2014 15:42:21,8304,512,05:52,1.66,586,0.0,25.1,45.9,29.0,[128 512 256 64 - 32 64 128 32 - 8 32 16 4 - 2 4 8 2], 100 games on 10 instances
0.1.7,16May2014 15:54:20,21840,2048,11:58,1.53,1102,0.0,26.1,47.6,26.2,[2048 128 8 64 - 16 32 64 8 - 8 16 32 4 - 2 4 8 2], 100 games on 10 instances
0.1.7,16May2014 16:01:39,14916,1024,07:18,2.0,876,0.2,24.7,49.5,25.6,[64 512 128 4 - 32 64 1024 64 - 8 16 8 16 - 2 4 2 4], 100 games on 10 instances
0.1.7,16May2014 16:07:22,8788,512,05:41,1.79,611,0.2,26.5,48.4,24.9,[128 512 2 128 - 64 128 256 16 - 8 32 64 8 - 2 4 8 2], 100 games on 10 instances
0.1.7,16May2014 16:10:58,6432,512,03:35,2.15,463,0.4,26.8,47.9,24.8,[64 128 2 64 - 16 32 512 16 - 8 16 128 2 - 2 4 8 4], 100 games on 10 instances
0.1.7,16May2014 18:51:03,10904,1024,05:54,1.84,652,0.2,27.3,47.9,24.7,[32 128 64 8 - 16 64 1024 32 - 8 16 32 16 - 2 4 2 4], 50 games on 5 instances
0.1.7,16May2014 18:53:41,12812,1024,08:32,1.52,777,0.0,23.7,48.0,28.3,[64 1024 256 64 - 32 128 64 16 - 16 32 16 4 - 2 4 8 2], 50 games on 5 instances
0.1.7,16May2014 18:53:59,16284,1024,08:50,1.84,973,0.2,28.3,46.2,25.3,[16 256 2 1024 - 8 32 512 64 - 16 128 32 4 - 2 4 8 16], 50 games on 5 instances
0.1.7,16May2014 18:54:26,12956,1024,09:17,1.41,787,0.1,24.8,48.8,26.3,[2 128 256 1024 - 16 64 128 32 - 4 32 16 4 - 2 4 8 2], 50 games on 5 instances
0.1.7,16May2014 18:54:30,16296,1024,09:20,1.72,963,0.1,28.0,48.0,23.9,[1024 512 256 64 - 16 32 128 32 - 8 16 32 8 - 2 4 8 2], 50 games on 5 instances
0.1.7,16May2014 19:01:58,7956,512,07:27,1.25,560,0.4,24.8,45.7,29.1,[128 512 32 4 - 16 128 256 64 - 8 32 16 4 - 2 4 8 2], 50 games on 5 instances
0.1.7,16May2014 19:03:01,13196,1024,09:19,1.43,802,0.4,25.4,47.5,26.7,[128 2 256 64 - 32 1024 64 16 - 8 32 128 4 - 2 4 8 2], 50 games on 5 instances
0.1.7,16May2014 19:04:41,13556,1024,10:41,1.31,840,0.0,25.2,46.7,28.1,[64 1024 256 128 - 32 64 128 64 - 16 32 16 2 - 2 4 2 4], 50 games on 5 instances
0.1.7,16May2014 19:05:49,23412,2048,14:45,1.36,1204,0.2,26.7,47.3,25.8,[2048 256 128 32 - 16 32 64 16 - 4 16 32 4 - 2 8 4 2], 50 games on 5 instances
0.1.7,16May2014 19:06:08,16544,1024,11:41,1.4,982,0.3,25.6,46.5,27.6,[256 1024 512 64 - 32 128 64 32 - 8 32 16 4 - 2 4 8 2], 50 games on 5 instances
0.1.7,16May2014 19:07:07,5324,512,05:08,1.2,369,0.8,24.1,47.2,27.9,[4 16 4 2 - 512 64 128 32 - 4 8 16 4 - 2 4 8 2], 50 games on 5 instances
0.1.7,16May2014 19:08:08,5660,512,03:27,1.88,390,0.5,26.9,49.5,23.1,[8 64 2 512 - 128 2 64 32 - 8 16 32 8 - 2 4 8 2], 50 games on 5 instances
0.1.7,16May2014 19:12:13,6188,512,05:05,1.36,414,0.2,21.5,48.8,29.5,[4 256 32 16 - 512 4 16 8 - 8 16 32 2 - 2 4 8 16], 50 games on 5 instances
0.1.7,16May2014 19:12:18,10564,1024,06:28,1.62,627,0.2,23.4,48.5,27.9,[32 128 16 2 - 16 1024 64 16 - 8 32 16 8 - 2 4 8 2], 50 games on 5 instances
0.1.7,16May2014 19:15:11,16856,1024,12:09,1.38,1009,0.0,22.2,47.3,30.5,[1024 512 256 128 - 16 64 128 32 - 4 16 8 4 - 2 8 4 2], 50 games on 5 instances
0.1.7,16May2014 19:19:49,16924,1024,11:40,1.44,1010,0.1,26.3,46.9,26.6,[1024 512 256 128 - 16 64 128 32 - 8 32 16 2 - 2 4 2 4], 50 games on 5 instances
0.1.7,16May2014 19:23:19,15596,1024,10:59,1.38,907,0.2,27.6,47.3,24.9,[8 512 256 64 - 2 1024 64 8 - 8 32 16 4 - 4 2 4 2], 50 games on 5 instances
0.1.7,16May2014 19:25:49,16348,1024,10:37,1.51,962,0.1,24.6,48.2,27.0,[2 512 256 64 - 1024 128 64 16 - 8 32 16 4 - 2 4 2 8], 50 games on 5 instances
0.1.7,16May2014 19:26:15,8080,512,06:25,1.45,559,0.2,24.5,48.7,26.7,[2 512 256 64 - 128 64 128 32 - 8 16 2 16 - 2 4 8 2], 50 games on 5 instances
0.1.7,16May2014 19:27:15,31624,2048,21:06,1.29,1628,0.1,25.3,47.2,27.4,[128 1024 128 64 - 16 64 2048 32 - 8 32 16 4 - 4 2 4 8], 50 games on 5 instances
0.1.7,16May2014 19:29:08,3536,256,03:18,1.51,298,0.3,22.5,46.3,30.9,[256 2 64 16 - 16 64 128 32 - 8 32 16 8 - 2 4 8 2], 50 games on 5 instances
0.1.7,16May2014 19:31:07,26784,2048,18:53,1.22,1380,0.1,25.5,47.9,26.5,[64 2 512 2048 - 2 256 64 32 - 16 32 16 4 - 2 4 8 2], 50 games on 5 instances
0.1.7,16May2014 19:31:26,8904,512,08:06,1.24,605,0.0,26.4,48.3,25.3,[256 512 256 64 - 16 32 128 32 - 4 16 8 4 - 2 8 4 2], 50 games on 5 instances
0.1.7,16May2014 19:37:43,11996,1024,08:34,1.38,708,0.1,23.9,48.3,27.7,[1024 2 32 4 - 16 256 128 32 - 4 32 4 8 - 2 16 2 4], 50 games on 5 instances
0.1.7,16May2014 19:39:46,15860,1024,12:30,1.25,940,0.1,25.6,47.7,26.6,[32 256 512 1024 - 64 32 64 32 - 4 16 8 4 - 8 2 4 2], 50 games on 5 instances
0.1.7,16May2014 19:41:18,12720,1024,09:52,1.29,764,0.0,24.7,48.4,26.8,[64 4 256 1024 - 32 64 128 64 - 16 32 8 4 - 4 2 4 2], 50 games on 5 instances
0.1.7,16May2014 19:43:44,14824,1024,12:36,1.19,901,0.2,24.8,45.1,30.0,[256 1024 256 128 - 64 128 64 16 - 8 32 16 2 - 2 4 2 4], 50 games on 5 instances
0.1.7,16May2014 19:45:26,25284,2048,19:10,1.15,1328,0.2,25.7,47.4,26.8,[256 2048 256 4 - 32 64 128 64 - 8 32 16 4 - 2 4 8 2], 50 games on 5 instances
0.1.7,16May2014 19:48:40,11020,1024,08:53,1.23,658,0.2,25.5,45.9,28.4,[64 128 8 2 - 32 64 1024 32 - 8 16 64 2 - 4 8 2 4], 50 games on 5 instances
0.1.7,16May2014 19:50:34,16360,1024,12:50,1.27,979,0.1,26.9,47.3,25.7,[32 256 512 1024 - 16 64 128 32 - 8 32 16 8 - 2 4 8 2], 50 games on 5 instances
0.1.7,16May2014 19:52:37,15880,1024,11:18,1.37,926,0.2,26.5,45.1,28.2,[8 512 128 4 - 4 1024 256 32 - 16 32 16 4 - 2 4 8 2], 50 games on 5 instances
0.1.7,16May2014 19:53:45,10800,1024,08:18,1.29,643,0.5,26.0,46.3,27.2,[64 2 1024 16 - 16 128 64 32 - 8 32 16 8 - 4 2 4 2], 50 games on 5 instances
0.1.7,16May2014 19:54:11,16468,1024,10:27,1.56,975,0.1,26.3,47.1,26.6,[2 512 256 64 - 1024 64 128 32 - 8 16 32 16 - 2 4 8 2], 50 games on 5 instances
0.1.7,16May2014 20:00:24,16152,1024,09:49,1.62,957,0.1,24.6,49.0,26.3,[1024 512 256 64 - 2 16 128 16 - 8 32 16 4 - 4 2 8 2], 50 games on 5 instances
0.1.7,16May2014 20:01:02,12764,1024,08:23,1.54,774,0.4,27.1,48.3,24.2,[128 256 2 64 - 64 1024 64 32 - 8 32 16 4 - 2 4 2 8], 50 games on 5 instances
0.1.7,16May2014 20:01:16,16492,1024,12:35,1.3,985,0.1,28.0,46.0,25.9,[1024 2 256 64 - 16 512 128 32 - 8 32 64 8 - 2 8 4 2], 50 games on 5 instances
0.1.7,16May2014 20:06:26,16444,1024,12:13,1.32,969,0.1,26.9,47.1,25.9,[1024 512 256 64 - 16 64 128 32 - 8 32 16 4 - 2 4 8 2], 50 games on 5 instances
0.1.7,16May2014 20:07:38,17280,1024,13:52,1.24,1035,0.2,27.7,45.1,27.0,[128 1024 512 2 - 16 128 256 128 - 4 32 16 8 - 2 8 4 2], 50 games on 5 instances
0.1.7,16May2014 20:09:08,7096,512,07:51,1.03,483,0.0,26.3,45.3,28.4,[512 256 128 16 - 2 16 32 64 - 16 4 16 4 - 4 2 4 2], 50 games on 5 instances
0.1.7,16May2014 20:09:11,11156,1024,08:08,1.37,668,0.0,26.2,46.1,27.7,[128 1024 128 8 - 16 32 64 2 - 8 16 8 16 - 4 2 4 2], 50 games on 5 instances
0.1.7,16May2014 20:12:08,15776,1024,11:43,1.32,931,0.1,25.3,47.3,27.3,[64 256 512 32 - 16 64 1024 16 - 8 32 8 2 - 2 4 2 4], 50 games on 5 instances
0.1.7,16May2014 20:13:44,8120,512,07:17,1.31,573,0.7,28.3,46.1,25.0,[64 512 2 128 - 16 8 256 64 - 8 32 128 4 - 4 2 4 8], 50 games on 5 instances
0.1.7,16May2014 20:18:45,16568,1024,11:06,1.5,1000,0.1,25.1,46.0,28.8,[1024 512 256 32 - 64 128 64 16 - 8 32 16 4 - 2 4 8 2], 50 games on 5 instances
0.1.7,16May2014 20:20:59,17068,1024,11:47,1.46,1029,0.0,27.7,47.3,25.0,[1024 512 256 128 - 32 64 128 32 - 16 32 16 4 - 2 4 8 2], 50 games on 5 instances
0.1.7,16May2014 20:23:20,16632,1024,14:11,1.18,1004,0.0,27.0,47.4,25.6,[1024 512 256 64 - 32 64 128 32 - 8 32 16 4 - 2 4 8 2], 50 games on 5 instances
0.1.7,16May2014 20:23:24,12468,1024,09:39,1.29,749,0.3,26.3,47.9,25.5,[1024 2 128 2 - 32 64 256 64 - 8 32 16 4 - 2 4 8 2], 50 games on 5 instances
0.1.7,16May2014 20:28:28,27500,2048,16:18,1.47,1434,0.1,25.7,47.2,26.9,[64 256 2 2048 - 32 64 512 32 - 8 128 16 4 - 2 4 8 2], 50 games on 5 instances
0.1.7,16May2014 20:32:25,24380,2048,13:39,1.57,1289,0.1,27.8,45.5,26.6,[2048 128 2 128 - 32 64 256 64 - 8 16 32 4 - 2 4 8 16], 50 games on 5 instances
0.1.7,16May2014 20:38:12,32112,2048,14:51,1.83,1629,0.1,25.6,47.0,27.3,[2048 1024 4 2 - 8 32 256 64 - 4 16 2 128 - 2 4 8 4], 50 games on 5 instances
0.1.7,16May2014 20:43:58,8484,512,05:45,1.76,606,0.0,22.8,47.5,29.7,[128 512 256 64 - 64 128 64 16 - 16 32 16 8 - 2 4 8 2], 50 games on 5 instances
0.1.7,16May2014 23:09:14,26992,2048,12:37,1.85,1400,0.0,26.9,47.2,25.9,[32 256 512 2048 - 4 32 128 16 - 8 16 8 4 - 4 2 4 2], 2 games on 2 instances
0.1.7,16May2014 23:09:36,27736,2048,12:59,1.89,1472,0.3,27.0,45.5,27.1,[2048 256 2 64 - 32 128 512 32 - 16 64 32 4 - 2 4 8 16], 2 games on 2 instances
0.1.7,17May2014 00:29:08,16932,1024,07:43,2.18,1011,0.0,26.8,46.5,26.7,[1024 512 256 128 - 32 128 64 16 - 8 16 32 4 - 4 2 4 8], 1 games on 1 instances
0.1.7,17May2014 00:39:49,11052,1024,05:07,2.14,658,0.3,26.4,48.2,25.1,[32 128 32 4 - 16 1024 128 32 - 8 16 8 16 - 2 4 2 4], 3 games on 2 instances
0.1.7,17May2014 00:42:44,17124,1024,08:02,2.13,1027,0.1,24.5,47.4,27.9,[64 1024 256 128 - 16 128 512 64 - 8 32 16 4 - 2 4 8 2], 3 games on 2 instances
0.1.7,17May2014 00:49:50,17840,1024,09:59,1.75,1051,0.1,26.2,44.6,29.1,[256 1024 2 128 - 32 64 512 16 - 8 256 32 4 - 2 4 2 8], 3 games on 2 instances
0.1.7,17May2014 01:09:30,15724,1024,06:37,2.32,923,0.2,26.0,44.7,29.0,[1024 512 2 64 - 2 64 256 32 - 8 32 16 4 - 4 2 8 2],1 games on 1 instances
0.1.7,17May2014 01:26:01,8320,512,04:05,2.41,590,0.0,26.3,46.9,26.8,[128 512 256 64 - 32 64 128 32 - 8 32 16 4 - 2 4 8 2],1 games on 1 instances
0.1.7,17May2014 01:34:37,14964,1024,06:48,2.28,929,0.2,28.7,44.0,27.0,[256 1024 2 128 - 2 64 256 64 - 32 128 32 4 - 2 4 8 2],
0.1.7,17May2014 01:47:09,12600,1024,05:31,2.3,761,0.0,27.3,47.0,25.6,[64 256 1024 32 - 32 64 128 16 - 4 16 32 4 - 2 4 8 2],
0.1.7,17May2014 01:57:44,9164,512,04:29,2.33,626,0.2,24.0,45.2,30.7,[256 512 256 64 - 32 64 128 32 - 8 16 8 4 - 4 2 4 2],
0.1.7,17May2014 22:15:44,25808,2048,11:54,1.88,1343,0.1,25.3,47.9,26.7,[2048 2 4 64 - 16 512 128 32 - 8 64 16 8 - 2 8 4 2],
0.1.7,17May2014 22:24:47,14576,1024,06:43,2.16,870,0.1,24.9,47.6,27.4,[64 512 64 8 - 16 64 1024 64 - 8 32 16 4 - 2 4 8 2],
0.1.6,16May2014 12:13:37,16416,1024,06:24,2.51,965,0.4,26.1,47.5,26.0,[128 512 256 1024 - 4 16 128 8 - 8 2 4 2 - 2 4 16 4],tim's build
0.1.6,16May2014 12:15:10,2572,128,01:32,2.64,243,0.4,23.5,48.6,27.6,[4 64 4 128 - 32 128 64 32 - 8 32 16 4 - 2 4 8 2],tim's build
0.1.6,16May2014 12:21:54,16616,1024,06:43,2.48,1001,0.1,23.9,47.5,28.6,[1024 512 2 64 - 32 64 256 32 - 16 128 32 4 - 2 4 8 2],tim's build
0.1.6,16May2014 12:27:28,15244,1024,05:33,2.74,914,0.0,27.2,47.4,25.4,[128 512 1024 128 - 8 16 64 32 - 4 8 32 4 - 2 4 2 8],tim's build
0.1.6,16May2014 12:32:49,15332,1024,05:20,2.84,910,0.0,27.1,47.3,25.6,[32 1024 512 128 - 16 64 128 32 - 8 16 32 16 - 2 4 8 2],tim's build
0.1.6,16May2014 12:41:45,27476,2048,08:55,2.69,1441,0.1,23.8,49.7,26.4,[2048 512 2 64 - 64 128 256 16 - 8 16 32 2 - 2 4 2 4],tim's build
0.1.6,16May2014 12:47:53,16124,1024,06:07,2.57,943,0.3,25.7,47.2,26.8,[32 2 256 64 - 2 512 128 16 - 8 1024 32 4 - 4 2 4 8],tim's build
0.1.6,16May2014 12:51:22,7624,512,03:28,2.6,541,0.2,25.7,47.5,26.6,[512 256 64 32 - 32 64 128 16 - 8 32 16 4 - 4 2 4 2],tim's build
0.1.6,16May2014 12:54:55,6900,512,03:32,2.33,494,0.4,27.3,46.2,26.1,[128 2 128 2 - 32 128 512 64 - 8 32 16 4 - 4 2 4 2],tim's build
0.1.6,16May2014 13:02:01,22864,2048,07:05,2.72,1156,0.2,25.6,46.9,27.3,[64 256 2048 8 - 32 64 2 32 - 8 32 16 2 - 2 4 2 4],tim's build
0.1.6,16May2014 13:04:57,7064,512,02:54,2.78,483,0.2,24.4,49.5,25.9,[64 256 4 2 - 16 128 512 32 - 8 4 16 4 - 4 2 4 8],tim's build
0.1.6,16May2014 13:09:17,12496,1024,04:19,2.9,751,0.1,24.0,47.0,28.9,[1024 256 2 64 - 16 64 128 32 - 8 16 32 4 - 2 4 8 2],tim's build
0.1.6,16May2014 13:13:10,9088,512,03:52,2.64,612,0.5,25.3,46.9,27.3,[256 2 256 2 - 32 128 512 64 - 8 64 32 4 - 2 4 8 2],tim's build
0.1.6,16May2014 13:15:47,5600,512,02:37,2.55,400,0.5,21.0,46.5,32.0,[128 512 4 32 - 32 64 32 16 - 16 2 16 4 - 2 4 8 2],tim's build
0.1.6,16May2014 13:21:31,14672,1024,05:42,2.56,875,0.1,26.2,47.7,26.1,[2 16 512 1024 - 32 128 64 32 - 16 32 16 4 - 2 4 8 2],tim's build
0.1.6,16May2014 13:27:13,13800,1024,05:42,2.49,852,0.1,25.0,47.8,27.1,[128 1024 256 128 - 32 64 128 32 - 16 32 16 4 - 2 4 8 2],tim's build
0.1.6,16May2014 13:33:07,16692,1024,05:52,2.81,988,0.0,25.5,48.4,26.1,[64 256 512 1024 - 32 64 128 64 - 16 32 8 4 - 4 2 4 2],tim's build
0.1.6,16May2014 13:41:54,27416,2048,08:46,2.74,1441,0.1,25.7,46.0,28.1,[2048 512 2 128 - 16 64 256 64 - 8 16 2 8 - 2 4 8 4],tim's build
0.1.6,16May2014 13:47:42,14788,1024,05:47,2.5,869,0.2,24.3,45.9,29.6,[128 1024 512 4 - 32 64 32 64 - 8 32 2 4 - 2 4 8 2],tim's build
0.1.6,16May2014 13:54:41,17216,1024,06:58,2.48,1038,0.0,27.1,46.3,26.6,[128 1024 512 256 - 32 64 128 64 - 8 16 32 4 - 2 4 8 2],tim's build
0.1.6,16May2014 13:58:46,10228,512,04:04,2.78,678,0.1,24.3,47.8,27.7,[64 512 64 512 - 16 64 128 64 - 8 32 16 8 - 4 2 8 2],tim's build
0.1.6,16May2014 14:01:20,6036,512,02:33,2.82,432,0.5,26.2,49.1,24.3,[64 512 2 64 - 16 32 128 32 - 8 16 64 8 - 4 2 4 2],tim's build
0.1.6,16May2014 14:07:42,16580,1024,06:20,2.57,976,0.2,27.3,46.8,25.7,[8 512 256 128 - 2 1024 128 32 - 8 32 16 4 - 4 2 8 2],tim's build
0.1.6,16May2014 14:14:43,17164,1024,07:01,2.46,1036,0.0,26.3,45.3,28.5,[128 1024 512 128 - 16 64 256 64 - 8 16 32 8 - 2 4 8 2],tim's build
0.1.6,16May2014 14:17:55,7532,512,03:10,2.79,530,0.2,23.2,48.3,28.3,[512 256 2 64 - 32 64 128 16 - 16 32 16 4 - 2 4 8 2],tim's build
0.1.6,16May2014 14:21:07,7452,512,03:11,2.7,515,0.4,27.0,47.2,25.4,[64 2 256 2 - 32 512 64 128 - 16 32 16 4 - 2 4 8 2],tim's build
0.1.6,16May2014 14:24:19,7348,512,03:10,2.66,506,0.2,23.7,49.6,26.5,[512 256 2 64 - 2 64 128 16 - 16 8 32 4 - 4 2 4 2],tim's build
0.1.6,16May2014 14:34:09,27692,2048,09:49,2.48,1460,0.0,26.5,46.4,27.1,[2048 512 256 64 - 32 64 128 32 - 8 16 32 16 - 2 4 8 2],tim's build
0.1.6,16May2014 14:40:34,16032,1024,06:24,2.47,947,0.2,24.4,44.2,31.2,[128 4 512 32 - 32 1024 256 16 - 8 32 16 4 - 2 4 8 2],tim's build
0.1.6,16May2014 14:45:26,12576,1024,04:50,2.61,758,0.0,25.3,47.1,27.6,[1024 256 2 64 - 32 64 128 32 - 8 16 32 8 - 4 8 4 2],tim's build
0.1.6,16May2014 14:48:44,7344,512,03:17,2.55,503,0.2,23.7,50.3,25.8,[512 256 2 64 - 8 32 128 16 - 16 64 8 4 - 2 8 4 2],tim's build
0.1.6,16May2014 14:52:50,8680,512,04:05,2.46,602,0.3,22.1,47.8,29.7,[128 512 2 128 - 16 64 256 64 - 2 8 128 8 - 4 2 4 2],tim's build
0.1.6,16May2014 15:02:52,27532,2048,10:01,2.39,1438,0.3,26.5,46.5,26.7,[2048 512 2 64 - 64 128 256 32 - 16 32 16 4 - 2 8 4 2],tim's build
0.1.6,16May2014 15:07:55,13000,1024,05:02,2.62,790,0.3,23.3,47.3,29.1,[128 1024 4 32 - 32 64 128 256 - 4 32 8 4 - 2 8 4 2],tim's build
0.1.6,16May2014 15:13:02,14748,1024,05:06,2.83,867,0.1,26.3,46.5,27.1,[1024 4 128 64 - 32 64 512 16 - 8 32 16 2 - 2 4 2 4],tim's build
0.1.6,16May2014 15:15:39,6300,512,02:36,2.88,450,0.0,28.0,45.6,26.4,[128 512 128 32 - 32 64 32 16 - 4 8 16 4 - 2 4 8 2],tim's build
0.1.6,16May2014 15:21:33,13920,1024,05:53,2.35,831,0.2,24.4,46.2,29.1,[256 4 128 32 - 32 1024 256 16 - 16 64 16 4 - 4 2 8 2],tim's build
0.1.6,16May2014 15:28:07,16600,1024,06:33,2.5,981,0.1,27.6,47.7,24.6,[8 512 256 128 - 16 1024 128 32 - 8 32 8 4 - 4 2 4 2],tim's build
0.1.6,16May2014 15:33:44,13508,1024,05:36,2.43,816,0.2,27.3,47.2,25.2,[64 256 4 256 - 8 32 1024 32 - 4 16 64 8 - 2 8 4 2],tim's build
0.1.6,16May2014 15:35:37,3496,256,01:52,2.63,295,0.7,25.1,45.8,28.5,[2 64 2 256 - 32 4 128 16 - 8 32 64 4 - 2 4 16 2],tim's build
0.1.6,16May2014 15:39:30,8072,512,03:52,2.42,562,0.4,25.1,45.7,28.8,[512 2 64 4 - 64 128 256 128 - 16 32 8 4 - 2 8 4 2],tim's build
0.1.6,16May2014 15:42:40,7848,512,03:09,2.9,549,0.0,27.1,48.8,24.0,[128 512 256 8 - 16 32 64 128 - 8 16 8 4 - 4 2 4 2],tim's build
0.1.6,16May2014 15:44:42,4276,256,02:01,2.88,348,0.3,22.1,50.3,27.3,[128 256 2 64 - 16 32 128 32 - 8 64 32 8 - 4 2 4 2],tim's build
0.1.6,16May2014 15:48:40,8940,512,03:57,2.65,629,0.2,28.3,47.1,24.5,[128 512 256 128 - 32 64 128 64 - 16 32 16 4 - 2 4 8 2],tim's build
0.1.6,16May2014 15:55:23,17888,1024,06:42,2.66,1070,0.2,24.8,45.8,29.3,[256 1024 2 128 - 16 64 512 32 - 8 16 256 16 - 2 4 8 4],tim's build
0.1.6,16May2014 16:02:03,16888,1024,06:39,2.52,1004,0.2,28.2,46.7,24.9,[2 512 256 128 - 1024 64 128 32 - 8 32 16 8 - 2 4 8 2],tim's build
0.1.6,16May2014 16:06:51,9940,512,04:47,2.41,691,0.1,25.9,45.2,28.8,[256 512 256 128 - 32 64 128 64 - 8 32 16 4 - 2 4 8 2],tim's build
0.1.6,16May2014 16:10:13,7128,512,03:21,2.53,509,0.2,23.2,47.5,29.1,[64 2 256 16 - 32 64 512 64 - 16 32 16 4 - 2 4 8 2],tim's build
0.1.6,16May2014 16:13:08,6308,512,02:53,2.61,452,0.2,23.5,48.9,27.4,[128 2 128 32 - 32 512 64 16 - 8 32 16 4 - 4 2 4 8],tim's build
0.1.6,16May2014 16:19:21,15824,1024,06:12,2.53,943,0.4,24.6,47.1,27.9,[128 1024 2 128 - 16 64 512 16 - 4 32 128 8 - 2 8 4 2],tim's build
0.1.6,16May2014 16:27:45,25748,2048,08:23,2.63,1324,0.2,25.8,47.0,27.0,[64 512 2 32 - 16 128 64 16 - 8 16 2048 4 - 2 4 8 2],tim's build
0.1.6,16May2014 16:32:32,11412,512,04:45,2.6,740,0.3,24.5,47.2,28.1,[512 2 512 64 - 16 128 256 32 - 64 32 8 4 - 2 8 4 2],tim's build
0.1.6,16May2014 16:37:07,12824,1024,04:34,2.81,769,0.1,24.1,49.2,26.7,[1024 256 128 16 - 128 32 64 8 - 8 16 8 2 - 2 4 2 4],tim's build
0.1.6,16May2014 16:42:12,13304,1024,05:04,2.67,812,0.1,25.9,48.5,25.5,[1024 2 128 64 - 32 128 256 32 - 8 32 64 16 - 2 4 8 2],tim's build
0.1.6,16May2014 16:47:21,14340,1024,05:08,2.67,821,0.1,26.8,46.3,26.8,[16 512 128 4 - 4 1024 64 16 - 16 32 16 4 - 2 4 8 2],tim's build
0.1.6,16May2014 16:52:55,15344,1024,05:34,2.7,903,0.0,26.2,47.1,26.7,[128 1024 512 64 - 16 128 64 32 - 8 16 8 2 - 2 4 2 4],tim's build
0.1.6,16May2014 16:59:59,17968,1024,07:02,2.55,1074,0.1,27.7,45.9,26.4,[256 1024 512 64 - 16 128 256 32 - 4 16 32 16 - 2 8 4 2],tim's build
0.1.6,16May2014 17:06:56,17720,1024,06:56,2.52,1049,0.2,25.9,47.1,26.8,[256 512 8 4 - 8 128 256 1024 - 16 64 16 2 - 2 4 8 4],tim's build
0.1.6,16May2014 17:11:54,12692,1024,04:57,2.62,778,0.3,26.2,47.0,26.5,[32 1024 256 64 - 16 64 128 32 - 8 16 32 16 - 2 4 8 4],tim's build
0.1.6,16May2014 17:19:13,18332,1024,07:18,2.52,1105,0.1,23.7,46.6,29.6,[1024 512 8 256 - 16 128 256 128 - 8 32 16 4 - 2 4 8 2],tim's build
0.1.6,16May2014 17:25:35,16488,1024,06:21,2.6,992,0.0,27.2,47.6,25.2,[1024 512 256 64 - 16 64 128 16 - 8 32 16 4 - 2 4 8 2],tim's build
0.1.6,16May2014 17:28:28,6984,512,02:52,2.77,477,0.4,26.6,47.4,25.6,[32 256 2 32 - 16 512 128 8 - 8 32 16 4 - 2 4 8 2],tim's build
0.1.6,16May2014 17:36:09,22988,2048,07:40,2.54,1167,0.3,25.6,46.9,27.2,[256 4 32 2 - 2 16 2048 8 - 8 128 32 2 - 2 4 8 16],tim's build
0.1.6,16May2014 17:42:27,16528,1024,06:17,2.62,989,0.1,25.8,48.1,26.0,[64 256 512 1024 - 16 64 128 32 - 8 32 16 8 - 2 4 8 2],tim's build
0.1.6,16May2014 17:48:46,16536,1024,06:18,2.62,992,0.1,25.6,48.4,25.9,[64 256 512 1024 - 16 128 64 32 - 8 32 16 8 - 2 4 2 4],tim's build
0.1.6,16May2014 17:50:48,4424,256,02:01,2.85,345,0.6,25.5,48.1,25.8,[256 8 2 64 - 16 32 256 16 - 8 16 64 4 - 2 4 8 2],tim's build
0.1.6,16May2014 17:54:32,7984,512,03:44,2.46,551,0.2,25.2,46.8,27.8,[128 512 4 128 - 32 64 256 32 - 16 32 16 4 - 2 4 8 2],tim's build
0.1.6,16May2014 18:03:03,25880,2048,08:29,2.62,1335,0.3,26.2,47.2,26.3,[2 4 64 2 - 2048 128 512 64 - 64 8 16 8 - 2 4 2 4],tim's build
0.1.6,16May2014 18:10:58,24304,2048,07:54,2.68,1270,0.0,26.4,48.0,25.7,[2048 256 128 64 - 32 128 64 16 - 8 16 32 4 - 2 4 8 2],tim's build
0.1.6,16May2014 18:19:40,21904,1024,08:41,2.49,1299,0.0,26.7,45.1,28.2,[512 1024 512 256 - 16 128 256 32 - 32 64 2 4 - 2 4 8 2],tim's build
0.1.6,16May2014 18:22:34,6704,512,02:54,2.7,469,0.2,23.9,47.5,28.4,[32 256 32 8 - 16 512 64 32 - 8 32 16 8 - 2 4 8 4],tim's build
0.1.6,16May2014 18:26:58,11796,1024,04:23,2.68,705,0.3,24.8,47.0,27.9,[64 2 4 1024 - 32 64 256 16 - 8 16 32 4 - 2 4 8 2],tim's build
0.1.6,16May2014 18:36:19,25912,2048,09:19,2.4,1342,0.1,26.1,48.1,25.7,[2048 512 2 32 - 32 2 128 64 - 16 64 32 4 - 2 4 8 2],tim's build
0.1.6,16May2014 18:43:12,16016,1024,06:53,2.28,942,0.2,24.1,45.9,29.8,[64 1024 512 64 - 32 256 64 16 - 8 16 32 4 - 2 4 8 2],tim's build
0.1.6,16May2014 18:46:32,7496,512,03:18,2.63,521,0.2,22.8,50.7,26.3,[512 2 128 64 - 32 256 64 16 - 16 32 8 4 - 2 4 16 2],tim's build
0.1.6,16May2014 18:54:43,18608,1024,08:10,2.24,1098,0.2,24.0,47.4,28.4,[512 1024 512 2 - 32 128 64 32 - 8 16 32 8 - 2 4 8 4],tim's build
0.1.6,16May2014 19:01:24,16580,1024,06:40,2.48,992,0.1,25.8,46.2,27.9,[1024 512 256 64 - 32 128 64 32 - 8 32 16 2 - 2 4 2 4],tim's build
0.1.6,16May2014 19:07:47,16776,1024,06:21,2.65,1008,0.0,25.5,47.7,26.8,[1024 512 256 64 - 64 128 64 32 - 8 32 16 8 - 2 4 2 4],tim's build
0.1.6,16May2014 19:10:45,7296,512,02:57,2.87,508,0.2,27.4,46.1,26.4,[2 256 128 16 - 512 64 32 4 - 16 32 4 32 - 2 4 2 8],tim's build
0.1.6,16May2014 19:16:51,16288,1024,06:06,2.63,962,0.0,25.2,47.4,27.4,[1024 512 256 32 - 32 128 64 16 - 8 16 8 32 - 2 4 2 4],tim's build
0.1.6,16May2014 19:21:17,10732,512,04:25,2.64,699,0.4,26.5,47.9,25.2,[8 64 4 512 - 2 512 256 32 - 64 32 16 4 - 2 4 8 2],tim's build
0.1.6,16May2014 19:26:46,15620,1024,05:28,2.82,924,0.1,25.9,47.1,26.9,[32 1024 2 256 - 16 32 512 32 - 8 16 64 2 - 2 4 2 8],tim's build
0.1.6,16May2014 19:30:11,7844,512,03:24,2.71,553,0.4,21.5,48.5,29.7,[128 2 512 128 - 8 256 64 8 - 32 16 4 2 - 4 2 8 4],tim's build
0.1.6,16May2014 19:36:20,16720,1024,06:08,2.73,1006,0.2,27.5,47.8,24.5,[1024 2 256 128 - 32 512 128 16 - 8 16 32 8 - 2 8 4 2],tim's build
0.1.6,16May2014 19:39:17,5704,256,02:56,2.61,459,0.2,28.1,44.7,27.0,[32 64 256 64 - 4 256 128 32 - 16 64 32 8 - 2 4 8 16],tim's build
0.1.6,16May2014 19:42:18,7464,512,03:01,2.86,517,0.2,22.4,49.1,28.2,[512 2 128 64 - 16 256 64 32 - 8 32 16 4 - 2 4 8 2],tim's build
0.1.6,16May2014 19:47:21,14368,1024,05:01,2.76,831,0.1,23.2,46.9,29.7,[1024 512 128 16 - 16 64 16 8 - 8 32 2 4 - 2 4 8 2],tim's build
0.1.6,16May2014 19:55:32,24916,2048,08:10,2.62,1285,0.3,23.9,47.5,28.2,[256 2 256 128 - 32 2048 64 16 - 8 32 8 4 - 4 2 4 2],tim's build
0.1.6,16May2014 19:58:47,7228,512,03:14,2.63,511,0.4,23.7,45.8,30.1,[64 2 64 4 - 32 256 512 64 - 8 64 16 4 - 2 4 8 2],tim's build
0.1.6,16May2014 20:02:39,7876,512,03:51,2.35,544,0.0,25.6,46.3,28.1,[8 128 256 512 - 2 64 128 32 - 32 16 2 8 - 2 4 8 4],tim's build
0.1.6,16May2014 20:07:55,12560,1024,05:15,2.4,755,0.1,25.6,47.7,26.6,[1024 256 2 64 - 32 64 128 32 - 8 16 32 4 - 2 4 8 2],tim's build
0.1.6,16May2014 20:14:34,16484,1024,06:38,2.46,978,0.1,27.5,47.0,25.4,[1024 512 256 64 - 16 64 128 32 - 8 32 16 8 - 2 8 4 2],tim's build
0.1.6,16May2014 20:23:59,28212,2048,09:24,2.66,1500,0.1,26.2,46.0,27.7,[2 256 512 2048 - 128 64 128 64 - 8 32 16 4 - 2 4 8 2],tim's build
0.1.6,16May2014 20:32:50,25416,2048,08:50,2.47,1308,0.2,26.5,49.3,23.9,[32 2 64 2048 - 16 64 512 64 - 8 32 16 8 - 2 4 8 2],tim's build
0.1.6,16May2014 20:37:31,9168,512,04:39,2.25,627,0.2,24.7,47.0,28.1,[256 512 256 4 - 32 64 128 64 - 8 32 16 4 - 2 4 8 2],tim's build
0.1.6,16May2014 20:44:19,16384,1024,06:47,2.39,972,0.1,25.5,47.2,27.2,[1024 512 256 2 - 16 64 128 64 - 8 32 16 4 - 4 2 4 2],tim's build
0.1.6,16May2014 20:47:39,7448,512,03:20,2.6,519,0.2,23.9,46.1,29.9,[64 512 2 32 - 2 32 128 256 - 8 64 16 2 - 2 4 2 4],tim's build
0.1.6,16May2014 20:52:56,13424,1024,05:16,2.6,821,0.1,26.7,45.4,27.8,[64 128 256 64 - 16 64 1024 128 - 8 32 16 8 - 2 4 8 4],tim's build
0.1.6,16May2014 20:58:59,16200,1024,06:02,2.7,976,0.0,25.4,45.4,29.2,[128 1024 512 128 - 32 64 128 64 - 8 32 16 4 - 2 4 8 2],tim's build
0.1.6,16May2014 21:06:41,23592,2048,07:41,2.65,1221,0.1,25.9,47.9,26.1,[2048 256 2 64 - 8 32 128 32 - 4 16 64 16 - 2 4 8 4],tim's build
0.1.6,16May2014 21:12:13,13280,1024,05:31,2.47,817,0.1,27.4,46.3,26.2,[128 256 64 1024 - 16 64 128 32 - 8 16 32 8 - 2 4 8 4],tim's build
0.1.6,16May2014 21:20:31,18240,1024,08:17,2.22,1103,0.0,23.9,46.0,30.1,[256 1024 512 4 - 32 128 256 64 - 64 32 16 4 - 2 4 8 2],tim's build
0.1.6,16May2014 21:22:44,3772,256,02:11,2.4,315,0.3,25.1,47.9,26.7,[64 256 2 64 - 16 32 128 32 - 4 16 64 2 - 2 8 2 4],tim's build
0.1.6,16May2014 21:26:00,7180,512,03:15,2.54,496,0.4,22.8,47.6,29.2,[2 256 32 2 - 512 64 128 16 - 8 32 16 2 - 2 4 2 4],tim's build
0.1.6,16May2014 21:36:12,27444,2048,10:12,2.34,1432,0.1,25.3,49.1,25.6,[64 256 512 2 - 16 64 128 2048 - 8 32 16 4 - 2 4 8 2],tim's build
0.1.6,16May2014 21:43:04,16200,1024,06:50,2.33,957,0.2,25.9,48.6,25.3,[32 256 512 1024 - 4 32 128 64 - 16 8 16 2 - 2 4 2 8],tim's build
0.1.6,16May2014 21:46:26,7592,512,03:21,2.65,532,0.0,25.8,45.7,28.6,[32 512 256 64 - 16 64 128 32 - 8 32 16 4 - 2 4 8 2],tim's build
0.1.6,16May2014 21:52:40,16668,1024,06:13,2.68,998,0.1,24.9,46.3,28.7,[1024 512 2 32 - 64 128 256 64 - 16 64 8 4 - 2 8 4 2],tim's build
0.1.6,16May2014 21:57:51,12812,1024,05:10,2.52,782,0.1,27.2,48.0,24.7,[128 4 256 64 - 64 1024 64 32 - 16 32 16 4 - 2 4 8 2],tim's build
0.1.6,16May2014 22:02:15,12264,1024,04:23,2.76,726,0.3,28.1,48.5,23.1,[1024 256 2 32 - 32 64 128 16 - 8 32 16 2 - 2 4 2 4],tim's build
0.1.6,16May2014 22:06:33,9396,512,04:17,2.49,641,0.0,27.8,47.4,24.8,[256 512 256 64 - 32 128 64 32 - 64 8 4 2 - 2 4 2 4],tim's build
0.1.6,16May2014 22:11:32,14172,1024,04:58,2.74,818,0.2,26.5,47.8,25.4,[16 512 128 8 - 2 8 1024 32 - 8 32 16 4 - 2 4 8 2],tim's build
0.1.6,16May2014 22:17:35,16392,1024,06:03,2.67,968,0.1,28.1,47.2,24.6,[64 256 2 1024 - 16 32 512 64 - 8 16 128 16 - 2 4 8 2],tim's build
0.1.6,16May2014 22:23:01,13252,1024,05:25,2.51,816,0.1,25.1,49.3,25.5,[64 2 256 128 - 32 128 1024 64 - 8 32 16 4 - 2 4 8 2],tim's build
0.1.6,16May2014 22:33:19,27416,2048,10:16,2.31,1425,0.1,26.5,48.7,24.8,[64 256 2 2048 - 16 128 512 64 - 32 16 2 8 - 2 4 8 4],tim's build
0.1.6,16May2014 22:38:48,14500,1024,05:28,2.6,854,0.1,26.9,47.1,25.9,[4 512 128 32 - 16 2 1024 64 - 8 32 16 2 - 2 4 2 4],tim's build
0.1.6,16May2014 22:43:31,12964,1024,04:42,2.77,780,0.1,25.1,45.4,29.4,[128 256 128 32 - 32 64 1024 8 - 4 8 32 4 - 2 4 8 2],tim's build
0.1.6,16May2014 22:47:48,11472,1024,04:16,2.64,676,0.1,23.4,47.3,29.1,[1024 256 8 32 - 2 8 32 64 - 8 16 8 4 - 4 2 4 2],tim's build
0.1.6,16May2014 22:53:17,11700,512,05:27,2.31,754,0.3,26.4,47.2,26.1,[4 256 512 128 - 2 512 128 64 - 8 32 8 4 - 4 2 4 2],tim's build
0.1.6,16May2014 22:57:28,8624,512,04:10,2.4,599,0.2,26.5,47.4,25.9,[128 512 2 128 - 8 128 256 32 - 4 64 32 16 - 2 16 2 4],tim's build
0.1.6,16May2014 23:03:49,15696,1024,06:21,2.4,916,0.3,26.9,46.6,26.2,[64 2 256 32 - 2 512 64 8 - 1024 32 16 4 - 2 4 8 2],tim's build
0.1.6,16May2014 23:06:09,4244,256,02:18,2.54,351,0.3,26.5,48.4,24.8,[32 128 8 64 - 16 64 256 128 - 4 32 16 8 - 2 8 4 2],tim's build
0.1.6,16May2014 23:11:13,9948,512,05:03,2.29,693,0.1,23.1,45.5,31.3,[256 512 256 128 - 32 64 128 64 - 8 32 8 4 - 2 4 16 2],tim's build
0.1.6,16May2014 23:15:35,8936,512,04:21,2.4,627,0.2,25.8,47.5,26.5,[128 512 256 128 - 32 64 128 64 - 8 16 32 16 - 2 4 8 4],tim's build
0.1.6,16May2014 23:19:03,7924,512,03:26,2.68,552,0.2,25.7,48.2,25.9,[64 512 2 128 - 32 128 256 16 - 8 32 16 4 - 2 4 8 2],tim's build
0.1.6,16May2014 23:22:03,7104,512,02:59,2.72,487,0.2,28.1,50.9,20.7,[128 512 2 32 - 16 8 256 16 - 8 16 64 4 - 2 4 8 2],tim's build
0.1.6,16May2014 23:28:01,15384,1024,05:57,2.57,918,0.1,25.9,49.1,24.8,[4 512 128 64 - 128 1024 64 4 - 8 16 32 2 - 2 4 2 8],tim's build
0.1.6,16May2014 23:32:49,12616,1024,04:47,2.65,760,0.4,25.8,46.1,27.8,[64 1024 2 64 - 16 64 256 16 - 8 128 16 8 - 2 4 8 2],tim's build
0.1.6,16May2014 23:42:14,27268,2048,09:24,2.52,1420,0.0,24.6,47.4,28.0,[2048 512 256 32 - 16 32 64 128 - 4 16 8 4 - 2 8 4 2],tim's build
0.1.6,16May2014 23:51:51,27624,2048,09:36,2.54,1461,0.2,25.7,47.2,26.9,[128 256 4 2048 - 64 512 64 32 - 16 32 16 4 - 4 2 8 2],tim's build
0.1.6,16May2014 23:58:52,17072,1024,07:00,2.43,1020,0.3,27.5,47.8,24.4,[128 2 512 1024 - 2 256 128 64 - 16 64 32 4 - 2 4 2 8],tim's build
0.1.6,17May2014 00:06:03,16696,1024,07:10,2.3,987,0.2,26.2,47.2,26.3,[1024 2 256 128 - 2 512 128 4 - 8 64 16 2 - 2 4 2 16],tim's build
0.1.6,17May2014 00:12:10,15912,1024,06:05,2.6,949,0.2,25.3,47.5,27.0,[256 2 512 64 - 32 1024 64 32 - 16 32 8 4 - 2 4 16 2],tim's build
0.1.6,17May2014 00:16:29,8712,512,04:18,2.4,619,0.0,23.7,49.3,27.0,[128 512 256 128 - 16 64 128 32 - 8 32 16 8 - 4 2 8 2],tim's build
0.1.6,17May2014 00:23:06,15848,1024,06:36,2.35,930,0.2,26.5,50.0,23.3,[16 512 4 128 - 2 32 1024 16 - 8 256 8 4 - 2 16 4 2],tim's build
0.1.6,17May2014 00:24:56,3200,256,01:49,2.41,263,0.4,26.2,46.4,27.0,[256 2 64 32 - 16 128 16 8 - 8 32 2 4 - 2 4 8 16],tim's build
0.1.6,17May2014 00:36:20,32584,2048,11:23,2.46,1681,0.0,26.0,44.6,29.4,[2048 1024 256 64 - 32 64 128 32 - 8 16 8 2 - 2 4 2 4],tim's build
0.1.6,17May2014 00:41:57,15048,1024,05:36,2.61,878,0.3,26.1,48.2,25.4,[1024 512 2 128 - 16 32 128 8 - 4 16 64 4 - 2 8 4 2],tim's build
0.1.6,17May2014 00:48:06,16172,1024,06:08,2.59,954,0.2,25.7,47.7,26.4,[8 512 256 2 - 32 1024 64 128 - 8 32 16 4 - 2 4 8 2],tim's build
0.1.7,18May2014 00:44:54,9344,512,04:41,2.26,634,0.2,27.9,46.7,25.2,[128 256 512 2 - 16 128 256 32 - 8 32 16 8 - 2 8 4 2],
0.1.7,18May2014 00:59:58,16040,1024,06:57,2.24,934,0.7,24.0,46.9,28.4,[16 512 256 4 - 2 64 128 1024 - 32 16 8 4 - 2 8 4 2],
0.1.7,18May2014 21:43:51,16880,1024,06:51,2.46,1010,0.0,25.8,47.1,27.0,[1024 512 256 128 - 16 128 64 16 - 8 16 32 4 - 4 2 4 8],
0.1.7,18May2014 21:58:54,12588,1024,05:19,2.41,769,0.0,25.1,47.2,27.7,[1024 256 128 64 - 16 32 64 16 - 8 16 32 4 - 2 4 8 2],
0.1.7,18May2014 22:24:31,8628,512,14:44,0.68,600,0.2,27.3,46.5,26.0,[128 512 256 128 - 32 64 128 32 - 16 2 16 4 - 2 4 8 2],
0.1.7,18May2014 23:06:26,26664,2048,12:47,1.83,1400,0.1,25.5,45.9,28.4,[128 512 128 64 - 32 64 2048 32 - 8 32 16 4 - 2 4 8 2],
0.1.7,18May2014 23:38:54,13140,1024,06:08,2.16,795,0.1,27.3,45.0,27.5,[128 1024 256 64 - 16 64 128 16 - 8 32 16 4 - 4 2 8 2],
0.1.7,18May2014 23:44:45,7076,512,05:03,3.61,1094,0.1,14.2,72.8,13.0,[64 8 512 64 - 16 64 256 32 - 4 16 32 8 - 2 8 4 2],
0.1.7,19May2014 00:29:31,7356,512,03:14,2.61,506,0.2,29.8,49.0,20.9,[512 2 128 32 - 16 256 64 8 - 8 64 16 4 - 2 4 8 2],
0.1.7,19May2014 00:39:28,6708,512,03:12,2.48,476,0.2,24.8,46.4,28.6,[128 2 128 64 - 64 512 64 32 - 8 32 16 4 - 2 4 8 2],test+  /note
0.1.7,25May2014 01:07:16,7340,512,02:21,3.65,514,0.2,28.0,46.3,25.5,[32 512 256 32 - 4 128 64 16 - 16 32 8 2 - 2 4 16 4],
0.1.7,25May2014 01:13:32,17024,1024,04:56,3.44,1018,0.0,27.1,46.2,26.7,[128 256 512 1024 - 32 64 128 32 - 16 32 16 4 - 2 4 8 2],
0.1.7,25May2014 01:26:42,12632,1024,01:17,3.26,251,0.4,29.1,49.4,21.1,[128 1024 2 32 - 16 32 256 16 - 8 128 2 8 - 2 4 8 2],20 games on 10 instances
0.1.7,25May2014 01:27:07,13760,1024,02:06,3.14,396,0.0,26.5,44.7,28.8,[128 1024 256 128 - 32 128 64 32 - 16 32 16 4 - 2 4 8 2],20 games on 10 instances
0.1.7,25May2014 01:27:14,14592,1024,01:58,3.15,372,0.3,25.5,47.0,27.2,[32 512 2 64 - 16 1024 128 32 - 8 32 16 4 - 2 4 8 2],20 games on 10 instances
0.1.7,25May2014 01:27:52,7564,512,02:48,3.19,536,0.2,27.8,47.2,24.8,[64 128 256 32 - 16 64 512 16 - 8 16 32 8 - 2 8 4 2],20 games on 10 instances
0.1.7,25May2014 01:29:46,7400,512,03:01,2.83,512,0.2,25.0,46.5,28.3,[64 2 256 64 - 16 512 128 16 - 8 16 32 8 - 2 4 8 2],20 games on 10 instances
0.1.7,25May2014 01:29:52,6260,512,02:42,2.75,445,0.2,28.3,47.0,24.5,[128 512 2 4 - 32 64 128 32 - 8 16 32 8 - 4 2 4 2],20 games on 10 instances
0.1.7,25May2014 01:30:23,25972,2048,05:03,2.8,847,0.1,26.1,44.4,29.4,[2 512 64 4 - 2048 64 128 64 - 8 32 16 8 - 2 4 8 2],20 games on 10 instances
0.1.7,25May2014 01:31:24,28304,2048,06:01,2.78,1004,0.2,24.2,47.7,27.9,[2048 512 256 128 - 32 64 128 64 - 16 32 16 8 - 4 2 8 2],20 games on 10 instances
0.1.7,25May2014 01:31:44,8744,512,03:49,2.67,612,0.2,26.1,46.6,27.1,[128 2 256 128 - 64 512 128 16 - 8 64 16 8 - 2 4 8 2],20 games on 10 instances
0.1.7,25May2014 01:36:12,26344,2048,08:55,2.56,1371,0.1,26.0,47.3,26.6,[2048 512 2 128 - 32 64 128 32 - 4 16 32 2 - 2 4 2 4],20 games on 10 instances
0.1.7,25May2014 01:36:13,14864,1024,05:47,2.54,882,0.0,24.9,47.8,27.2,[1024 512 64 4 - 32 64 128 32 - 8 32 16 8 - 2 8 4 2],20 games on 10 instances
0.1.7,25May2014 01:38:53,17216,1024,07:26,2.28,1019,0.1,25.8,47.6,26.5,[256 1024 2 256 - 16 32 512 32 - 8 64 2 4 - 2 16 8 2],20 games on 10 instances
0.1.7,25May2014 13:41:29,36408,2048,14:56,2.11,1895,0.1,24.9,47.4,27.7,[128 512 1024 2048 - 32 64 256 32 - 16 32 16 8 - 2 4 8 4],
0.1.7,26May2014 23:24:45,10972,1024,05:49,1.89,659,0.3,26.6,49.3,23.8,[64 2 128 64 - 8 1024 64 16 - 2 32 16 8 - 4 2 4 2],
0.1.7,27May2014 00:05:41,12696,1024,05:22,2.37,764,0.1,25.0,45.8,29.1,[16 256 128 8 - 4 128 1024 32 - 16 32 16 8 - 2 4 8 2],
0.1.7,27May2014 00:10:02,7572,512,04:19,2.05,532,0.4,23.5,48.7,27.4,[64 128 2 512 - 32 64 256 32 - 16 32 8 4 - 2 8 4 2],
0.1.7,27May2014 00:20:09,21808,2048,10:05,1.83,1109,0.0,27.1,48.2,24.7,[4 16 8 2048 - 128 64 2 16 - 16 32 64 4 - 4 2 4 2],
0.1.7,27May2014 03:08:59,7328,512,00:44,3.48,153,0.7,23.5,48.4,27.5,[512 16 2 64 - 32 128 256 32 - 16 32 4 2 - 2 4 16 8],600 games on 6 instances
0.1.7,27May2014 03:12:27,15420,1024,01:19,3.97,314,0.0,27.1,45.9,27.1,[1024 512 128 64 - 32 128 64 16 - 8 16 8 2 - 2 4 2 4],100 games run thru PhantomJS
0.1.7,27May2014 03:17:36,17080,1024,05:08,3.36,1036,0.1,25.8,47.8,26.4,[128 256 512 1024 - 32 64 128 32 - 8 32 8 4 - 2 4 16 2],100 games run thru PhantomJS
0.1.7,27May2014 03:27:45,30052,2048,10:08,2.45,1488,0.0,25.2,46.6,28.2,[2048 1024 32 2 - 16 64 16 64 - 8 32 2 4 - 2 4 8 16],100 games run thru PhantomJS
0.1.7,27May2014 03:34:37,12624,1024,06:51,1.88,771,0.3,27.9,47.1,24.8,[64 4 1024 64 - 32 256 128 32 - 8 32 16 4 - 2 4 8 2],100 games run thru PhantomJS
0.1.7,27May2014 03:44:29,16496,1024,09:51,1.67,986,0.0,28.3,45.7,26.0,[1024 512 256 64 - 32 64 128 8 - 8 16 32 2 - 2 4 2 8],100 games run thru PhantomJS
0.1.7,27May2014 03:55:35,14652,1024,11:05,1.34,893,0.1,23.6,47.5,28.8,[2 1024 256 128 - 256 64 128 32 - 8 16 32 8 - 2 4 8 2],100 games run thru PhantomJS
0.1.7,27May2014 04:00:25,4204,256,04:49,1.2,347,0.3,24.8,47.3,27.7,[128 256 4 64 - 32 64 128 32 - 4 16 8 4 - 2 8 4 2],100 games run thru PhantomJS
0.1.7,27May2014 04:10:56,10636,512,10:29,1.09,687,0.1,23.9,46.0,30.0,[512 4 512 4 - 16 64 256 64 - 8 32 16 4 - 2 4 8 2],100 games run thru PhantomJS
0.1.7,27May2014 04:28:30,17076,1024,17:33,0.97,1020,0.2,25.7,45.0,29.1,[128 512 1024 128 - 16 64 256 64 - 4 8 32 4 - 2 4 8 2],100 games run thru PhantomJS
0.1.7,27May2014 04:45:36,16552,1024,17:04,0.96,982,0.1,23.4,46.6,29.8,[1024 512 2 128 - 8 128 256 16 - 4 16 32 4 - 2 4 8 2],100 games run thru PhantomJS
0.1.7,27May2014 04:59:11,12140,1024,13:33,0.88,716,0.4,23.7,48.3,27.5,[64 1024 2 4 - 8 32 256 128 - 4 16 8 32 - 2 4 2 4],100 games run thru PhantomJS
0.1.7,27May2014 05:15:01,12420,1024,15:49,0.78,738,0.0,24.7,47.2,28.2,[1024 256 2 64 - 8 64 128 32 - 2 32 16 4 - 4 2 4 2],100 games run thru PhantomJS
0.1.7,27May2014 05:27:16,8248,512,12:14,0.8,584,0.0,25.3,47.3,27.4,[512 256 128 64 - 32 128 64 16 - 16 32 8 4 - 2 8 4 2],100 games run thru PhantomJS
0.1.7,27May2014 05:58:25,23308,2048,31:08,0.64,1195,0.1,25.7,47.4,26.8,[16 64 256 128 - 2 32 2048 32 - 16 8 16 4 - 4 2 4 2],100 games run thru PhantomJS
0.1.7,27May2014 06:06:52,4228,256,08:26,0.69,348,0.0,22.4,48.3,29.3,[128 256 128 64 - 16 32 64 32 - 4 16 8 4 - 2 8 4 2],100 games run thru PhantomJS
0.1.7,27May2014 06:35:11,16996,1024,28:18,0.6,1013,0.4,27.1,45.6,26.9,[1024 2 256 128 - 64 512 128 16 - 16 64 8 2 - 2 4 2 4],100 games run thru PhantomJS
0.1.7,27May2014 07:02:31,15516,1024,27:18,0.57,929,0.1,27.8,45.0,27.1,[128 1024 2 128 - 32 64 512 64 - 8 16 32 16 - 2 4 8 2],100 games run thru PhantomJS
0.1.7,27May2014 07:29:20,14680,1024,26:48,0.54,865,0.2,25.5,49.6,24.6,[4 64 512 1024 - 16 128 32 2 - 8 64 16 8 - 2 8 4 2],100 games run thru PhantomJS
0.1.7,27May2014 08:01:34,16836,1024,32:12,0.53,1019,0.0,27.4,47.6,25.0,[64 256 512 1024 - 32 64 128 64 - 16 32 16 4 - 2 4 8 2],100 games run thru PhantomJS
0.1.7,27May2014 08:35:01,15704,1024,33:26,0.48,955,0.2,26.9,45.1,27.7,[64 512 128 32 - 32 128 1024 16 - 16 64 32 4 - 4 2 8 16],100 games run thru PhantomJS
0.1.7,27May2014 09:10:44,15632,1024,35:42,0.44,942,0.1,27.8,45.0,27.1,[128 1024 512 64 - 32 128 64 32 - 16 32 16 4 - 2 4 8 2],100 games run thru PhantomJS
0.1.7,27May2014 10:04:36,25920,2048,53:51,0.42,1354,0.1,25.0,49.5,25.5,[2048 512 2 64 - 16 32 128 32 - 8 64 16 8 - 2 4 8 4],100 games run thru PhantomJS
0.1.7,27May2014 11:00:59,22320,1024,56:21,0.38,1286,0.1,26.0,46.3,27.6,[128 1024 256 1024 - 32 64 128 64 - 16 32 16 4 - 2 4 8 2],100 games run thru PhantomJS
0.1.7,30May2014 18:42:19,14772,1024,06:04,2.4,873,0.2,25.2,46.3,28.3,[2 512 64 2 - 128 64 1024 32 - 16 32 16 2 - 2 4 8 4],3 games to check Selenium reloads
0.1.7,30May2014 19:01:00,28000,2048,10:49,2.27,1474,0.1,23.7,45.9,30.3,[64 512 256 128 - 16 2048 128 32 - 8 32 16 4 - 2 4 8 2],3 games to check Selenium reloads
0.1.7,30May2014 19:11:54,18008,1024,07:45,2.33,1084,0.1,25.5,46.0,28.4,[256 1024 512 256 - 32 128 64 16 - 16 32 16 4 - 2 4 8 2],3 games to check Selenium reloads
0.1.7,30May2014 19:26:32,3252,256,01:26,3.21,276,0.0,26.4,53.6,19.9,[8 16 128 256 - 32 64 32 16 - 8 16 2 4 - 2 4 8 2],3 games to check Selenium reloads
0.1.7,30May2014 20:53:05,12256,1024,05:11,2.36,735,0.3,24.5,47.5,27.8,[32 256 2 32 - 8 64 128 16 - 16 1024 16 4 - 2 4 8 2],3 games to check Selenium reloads
0.1.7,30May2014 20:55:26,4268,256,02:10,2.52,327,0.6,22.6,44.3,32.4,[256 4 16 2 - 32 64 256 32 - 8 32 16 4 - 2 4 8 2],3 games to check Selenium reloads
0.1.7,30May2014 21:02:39,16824,1024,07:02,2.37,1001,0.1,25.2,46.4,28.4,[1024 512 2 128 - 64 128 256 16 - 8 32 8 4 - 4 2 16 2],3 games to check Selenium reloads
0.1.8,30May2014 21:17:08,6216,512,00:36,3.83,138,0.7,26.1,47.1,26.1,[64 16 128 64 - 32 64 512 32 - 8 16 32 16 - 2 4 8 2],PHJS do not clear cache
0.1.8,30May2014 21:21:40,15884,1024,04:23,3.57,940,0.1,24.9,48.0,27.0,[32 512 256 64 - 16 1024 64 32 - 8 32 16 8 - 2 4 8 2],3 games to check Selenium reloads PH
0.1.8,30May2014 21:26:14,16196,1024,04:25,3.63,961,0.3,26.8,45.9,27.0,[64 4 32 2 - 32 512 1024 256 - 2 128 16 8 - 4 2 8 2],3 games to check Selenium reloads PH
0.1.8,30May2014 21:32:44,12812,1024,05:17,2.48,785,0.1,28.9,48.2,22.8,[1024 2 128 64 - 32 256 64 32 - 8 64 16 8 - 2 4 8 4],3 games to check Selenium reloads
0.1.8,30May2014 21:39:21,15556,1024,06:26,2.43,939,0.1,30.0,46.3,23.5,[128 1024 512 64 - 32 64 128 16 - 8 32 16 4 - 2 4 8 2],3 games to check Selenium reloads
0.1.8,30May2014 21:48:16,16552,1024,08:44,1.88,984,0.0,26.0,46.8,27.1,[64 256 512 1024 - 32 64 128 32 - 8 32 16 4 - 2 4 8 2],3 games to check Selenium reloads
0.1.8,30May2014 22:13:01,19696,1024,05:23,3.47,1121,0.2,27.3,47.0,25.5,[2 1024 512 64 - 512 256 64 16 - 8 16 32 2 - 2 4 8 4],3 games to check Selenium reloads
0.1.8,31May2014 01:16:40,16428,1024,04:29,3.62,975,0.1,26.2,46.9,26.9,[2 512 256 64 - 1024 64 128 32 - 8 32 8 4 - 4 2 4 2],3 games to check Selenium reloads
0.1.8,31May2014 01:19:40,9328,512,02:51,3.81,651,0.0,27.0,44.1,28.9,[256 512 256 64 - 32 64 128 32 - 8 32 16 2 - 2 4 2 4],3 games to check Selenium reloads
0.1.8,31May2014 01:21:14,4192,256,01:26,3.99,343,0.9,24.2,46.1,28.9,[32 64 256 2 - 8 128 64 128 - 32 16 2 8 - 2 4 8 2],3 games to check Selenium reloads
0.1.8,31May2014 01:29:59,6332,512,02:33,2.84,434,0.5,24.9,50.0,24.7,[32 2 256 32 - 16 512 16 4 - 8 16 32 16 - 2 4 8 4],
0.1.8,31May2014 01:34:23,7880,512,04:13,2.21,560,0.2,23.6,47.0,29.3,[64 256 512 64 - 32 64 128 32 - 8 32 16 4 - 2 4 8 2],
0.1.8,31May2014 01:38:38,8824,512,04:04,2.45,597,0.0,22.6,47.6,29.8,[128 256 512 256 - 16 64 32 16 - 4 16 8 4 - 2 8 4 2],
0.1.8,01June2014 15:22:49,8264,512,04:03,2.4,583,0.0,26.2,46.7,27.1,[32 256 512 128 - 16 64 128 64 - 8 16 32 16 - 4 2 8 2],
0.1.8,01June2014 15:28:25,6996,512,02:57,2.65,469,9.0,25.6,41.4,24.1,[8 2 32 2 - 2 8 64 8 - 16 512 256 2 - 2 4 128 8],
0.1.8,01June2014 21:49:34,27416,2048,10:23,2.3,1430,0.3,25.1,47.1,27.6,[2048 2 256 2 - 16 512 128 64 - 8 64 32 4 - 2 4 8 2],perfect 1.8 persp 1.3
0.1.8,01June2014 22:23:35,14524,1024,04:10,3.56,889,0.0,23.5,46.7,29.8,[256 1024 256 64 - 64 128 64 32 - 16 32 16 4 - 2 4 8 2],perfect 1.6 persp 1.2
0.1.8,01June2014 22:48:24,19540,1024,06:11,3.15,1167,0.1,24.3,45.0,30.7,[256 1024 512 256 - 2 128 256 32 - 16 64 16 8 - 2 4 8 4],perfect 1.2 score 2
0.1.8,01June2014 23:06:48,9904,512,03:04,3.69,679,0.0,24.3,47.0,28.7,[256 512 256 128 - 32 64 128 64 - 16 32 16 2 - 2 4 2 4],perfect 1.2 score 2
0.1.8,01June2014 23:17:55,13276,1024,03:42,3.66,812,0.0,25.1,47.2,27.7,[128 1024 256 64 - 16 64 128 32 - 8 16 32 16 - 4 2 8 2],perfect 1.6 persp 1.2
0.1.8,02June2014 00:29:18,7396,512,02:09,3.97,512,0.0,24.0,47.7,28.3,[128 512 256 64 - 16 64 32 16 - 8 16 8 4 - 4 2 4 2],perfect 1.8 persp 1.2
0.1.8,02June2014 00:32:52,12824,1024,03:25,3.85,789,0.1,22.6,47.0,30.3,[1024 2 128 64 - 64 256 64 32 - 8 32 16 2 - 2 4 8 4],perfect 1.8 persp 1.2
0.1.8,02June2014 00:35:41,8740,512,02:40,3.84,615,0.0,24.2,48.0,27.8,[128 512 256 128 - 32 64 128 32 - 8 32 16 4 - 2 4 8 2],perfect 1.8 persp 1.2
0.1.9,02June2014 00:40:38,12228,512,03:33,3.74,796,0.3,27.6,46.4,25.8,[512 256 2 256 - 16 64 512 32 - 8 32 16 4 - 2 4 8 2],perfect 1.8
0.1.9,02June2014 00:45:06,15556,1024,04:19,3.58,927,0.0,23.9,46.9,29.1,[1024 512 128 64 - 32 128 64 32 - 8 32 16 4 - 2 4 8 2],perfect 1.8
0.1.9,02June2014 00:47:23,7500,512,02:09,4.08,526,0.4,22.8,48.3,28.5,[32 256 128 64 - 16 64 512 32 - 4 8 16 8 - 2 4 2 4],perfect 1.8
0.1.9,02June2014 01:24:23,17252,1024,04:47,3.65,1048,0.2,24.6,46.3,28.9,[1024 2 256 128 - 32 512 128 64 - 16 64 32 4 - 2 4 8 2],perfect 1.8 score 1.4 persp 1.2
0.1.9,02June2014 01:26:39,6916,512,02:06,3.9,492,0.6,24.6,49.6,25.2,[2 16 512 128 - 128 64 128 32 - 8 32 16 4 - 2 4 8 2],perfect 1.8 score 1.4 persp 1.2
0.1.9,02June2014 01:29:12,7820,512,02:17,3.88,531,0.2,19.8,46.1,33.9,[128 512 2 32 - 64 2 256 128 - 8 32 8 4 - 2 4 16 2],perfect 1.8 score 1.4 persp 1.2
0.1.9,02June2014 01:30:40,3852,256,01:19,4.03,318,0.3,25.5,50.3,23.9,[64 256 2 64 - 32 64 128 32 - 8 16 32 16 - 2 4 2 4],perfect 1.8 score 1.4 persp 1.2
0.1.9,02June2014 01:33:51,12160,1024,03:01,3.96,716,0.1,22.2,45.9,31.7,[1024 256 2 32 - 4 64 128 8 - 16 32 16 4 - 2 4 8 2],perfect 1.8 score 1.4 persp 1.2
0.1.9,02June2014 01:36:33,8588,512,02:33,3.88,594,0.2,23.6,48.5,27.8,[128 512 2 128 - 32 64 256 32 - 8 128 16 4 - 4 2 8 2],perfect 1.8 score 1.4 persp 1.2
0.1.9,02June2014 01:38:01,3900,256,01:20,4.11,329,0.0,23.4,48.9,27.7,[64 256 128 64 - 32 64 16 32 - 4 16 32 8 - 2 8 4 2],perfect 1.8 score 1.4 persp 1.2
0.1.9,02June2014 01:39:29,4092,256,01:19,4.18,330,0.0,23.3,51.5,25.2,[128 256 128 64 - 2 4 64 16 - 8 32 16 8 - 4 2 8 2],perfect 1.8 score 1.4 persp 1.2
0.1.9,02June2014 01:42:07,8196,512,02:29,3.87,576,0.2,25.9,47.9,26.0,[4 256 512 128 - 64 128 64 32 - 8 32 16 2 - 4 2 4 8],perfect 1.8 score 1.4 persp 1.2
0.1.9,02June2014 01:43:28,3704,256,01:13,4.14,302,0.3,23.5,49.0,27.2,[32 8 256 128 - 2 4 128 32 - 8 32 16 4 - 2 4 8 2],perfect 1.8 score 1.4 persp 1.2
0.1.9,02June2014 01:48:24,16880,1024,04:47,3.52,1011,0.0,23.2,48.8,28.0,[1024 512 256 128 - 4 32 128 16 - 16 64 16 4 - 2 4 8 2],perfect 1.8 score 1.4 persp 1.2
0.1.9,02June2014 01:52:21,13532,1024,03:49,3.57,817,0.6,20.8,48.0,30.6,[128 1024 2 128 - 16 64 256 32 - 8 128 16 8 - 2 4 8 4],perfect 1.8 score 1.4 persp 1.2
0.1.9,02June2014 01:55:49,12716,1024,03:19,3.89,774,0.3,23.6,49.5,26.6,[64 256 128 64 - 16 64 1024 16 - 8 32 8 4 - 4 2 4 2],perfect 1.8 score 1.4 persp 1.2
